{"epochs": 5, "loss": 0.8045, "acc": 0.8939, "val_loss": 0.6524, "val_acc": 0.9444, "_timestamp": 1708590048.3692498, "_runtime": 45.95126175880432, "_step": 5, "_wandb": {"runtime": 45}}