{"epochs": 5, "loss": 6.9362, "accuracy": 0.1345, "val_loss": 4.219, "val_accuracy": 0.0532, "_timestamp": 1709242457.3900971, "_runtime": 27.8094801902771, "_step": 5, "_wandb": {"runtime": 27}}