{"epochs": 5, "loss": 5.8475, "acc": 0.2269, "val_loss": 4.8615, "val_acc": 0.0547, "_timestamp": 1708585099.534699, "_runtime": 27.010863065719604, "_step": 5, "_wandb": {"runtime": 26}}