{"epochs": 5, "loss": 11.688, "acc": 0.1797, "val_loss": 11.7568, "val_acc": 0.0555, "_timestamp": 1708555119.3910751, "_runtime": 47.765714168548584, "_step": 5, "_wandb": {"runtime": 47}}