{"epochs": 14, "loss": 0.4194, "accuracy": 0.9352, "val_loss": 0.3001, "val_accuracy": 0.9469, "_timestamp": 1708639056.5457368, "_runtime": 53.85803985595703, "_step": 14, "_wandb": {"runtime": 53}}