{"epochs": 5, "loss": 1.736, "acc": 0.8152, "val_loss": 0.7964, "val_acc": 0.9459, "_timestamp": 1708629432.040724, "_runtime": 88.587238073349, "_step": 5, "_wandb": {"runtime": 88}}