{"epochs": 5, "loss": 0.2879, "acc": 0.9435, "val_loss": 0.234, "val_acc": 0.9445, "_timestamp": 1708591102.6254983, "_runtime": 42.92252230644226, "_step": 5, "_wandb": {"runtime": 42}}