{"epochs": 5, "loss": 1.2318, "accuracy": 0.9294, "val_loss": 1.055, "val_accuracy": 0.9458, "_timestamp": 1708726979.3129208, "_runtime": 36.244834899902344, "_step": 5, "_wandb": {"runtime": 35}}