{"epochs": 5, "loss": 1.4237, "accuracy": 0.7297, "val_loss": 0.5239, "val_accuracy": 0.8658, "_timestamp": 1708724418.377011, "_runtime": 35.338343143463135, "_step": 5, "_wandb": {"runtime": 34}}