{"epochs": 5, "loss": 0.6008, "acc": 0.918, "val_loss": 0.5701, "val_acc": 0.9448, "_timestamp": 1708585264.466435, "_runtime": 86.65243196487427, "_step": 5, "_wandb": {"runtime": 86}}