{"epochs": 5, "loss": 1.5757, "accuracy": 0.6583, "val_loss": 0.3774, "val_accuracy": 0.8885, "_timestamp": 1709227851.371581, "_runtime": 48.76624608039856, "_step": 5, "_wandb": {"runtime": 48}}