{"epochs": 5, "loss": 2.5766, "accuracy": 0.5266, "val_loss": 1.0132, "val_accuracy": 0.6763, "_timestamp": 1708719908.659927, "_runtime": 78.97609996795654, "_step": 5, "_wandb": {"runtime": 78}}