{"epochs": 5, "loss": 2.5045, "acc": 0.1193, "val_loss": 1.4561, "val_acc": 0.0557, "_timestamp": 1708559400.7436488, "_runtime": 48.36809778213501, "_step": 5, "_wandb": {"runtime": 47}}