{"epochs": 5, "loss": 0.8387, "accuracy": 0.9455, "val_loss": 0.7071, "val_accuracy": 0.945, "_timestamp": 1709231810.100449, "_runtime": 82.58850598335266, "_step": 5, "_wandb": {"runtime": 81}}