{"epochs": 5, "loss": 1.4077, "accuracy": 0.9208, "val_loss": 1.2918, "val_accuracy": 0.9434, "_timestamp": 1709220109.1961715, "_runtime": 86.96456050872803, "_step": 5, "_wandb": {"runtime": 86}}