{"epochs": 5, "loss": 1.1251, "accuracy": 0.8915, "val_loss": 0.8025, "val_accuracy": 0.9464, "_timestamp": 1709228595.6573863, "_runtime": 45.358413219451904, "_step": 5, "_wandb": {"runtime": 44}}