{"epochs": 5, "loss": 20.4909, "accuracy": 0.0882, "val_loss": 18.8895, "val_accuracy": 0.0544, "_timestamp": 1708632914.9150372, "_runtime": 81.57007312774658, "_step": 5, "_wandb": {"runtime": 81}}