{"epochs": 5, "loss": 0.2803, "acc": 0.9441, "val_loss": 0.2083, "val_acc": 0.9467, "_timestamp": 1708592266.1260345, "_runtime": 79.81995940208435, "_step": 5, "_wandb": {"runtime": 79}}