{"epochs": 5, "loss": 0.8989, "acc": 0.569, "val_loss": 0.3915, "val_acc": 0.799, "_timestamp": 1708565424.201177, "_runtime": 61.76655077934265, "_step": 5, "_wandb": {"runtime": 61}}