{"epochs": 5, "loss": 0.6302, "accuracy": 0.8438, "val_loss": 0.2907, "val_accuracy": 0.9426, "_timestamp": 1709225112.0765743, "_runtime": 43.770968437194824, "_step": 5, "_wandb": {"runtime": 43}}