{"epochs": 5, "loss": 0.3262, "accuracy": 0.944, "val_loss": 0.2351, "val_accuracy": 0.9454, "_timestamp": 1709238928.700016, "_runtime": 48.78415513038635, "_step": 5, "_wandb": {"runtime": 48}}