{"epochs": 5, "loss": 22.9097, "acc": 0.1656, "val_loss": 22.02, "val_acc": 0.0549, "_timestamp": 1708562242.1435287, "_runtime": 49.62300181388855, "_step": 5, "_wandb": {"runtime": 49}}