{"epochs": 5, "loss": NaN, "accuracy": 0.9456, "val_loss": NaN, "val_accuracy": 0.945, "_timestamp": 1709237190.7657633, "_runtime": 65.89897036552429, "_step": 5, "_wandb": {"runtime": 65}}