{"epochs": 5, "loss": 1.0365, "acc": 0.7143, "val_loss": 0.3205, "val_acc": 0.9247, "_timestamp": 1708551281.163861, "_runtime": 50.98294711112976, "_step": 5, "_wandb": {"runtime": 50}}