{"epochs": 5, "loss": 1.2972, "accuracy": 0.859, "val_loss": 0.7621, "val_accuracy": 0.9453, "_timestamp": 1709225933.7448952, "_runtime": 43.105080127716064, "_step": 5, "_wandb": {"runtime": 42}}