{"epochs": 5, "loss": 0.3916, "accuracy": 0.9401, "val_loss": 0.2476, "val_accuracy": 0.9454, "_timestamp": 1709225395.212088, "_runtime": 44.19827318191528, "_step": 5, "_wandb": {"runtime": 43}}