{"epochs": 5, "loss": 3.5504, "accuracy": 0.7687, "val_loss": 0.5743, "val_accuracy": 0.941, "_timestamp": 1709213811.0743563, "_runtime": 84.19978928565979, "_step": 5, "_wandb": {"runtime": 83}}