{"epochs": 5, "loss": 0.4892, "acc": 0.915, "val_loss": 0.3354, "val_acc": 0.9423, "_timestamp": 1708562853.9082606, "_runtime": 50.654170513153076, "_step": 5, "_wandb": {"runtime": 50}}