{"epochs": 5, "loss": 1.0587, "accuracy": 0.9453, "val_loss": 0.8382, "val_accuracy": 0.9456, "_timestamp": 1709236807.735139, "_runtime": 35.07408690452576, "_step": 5, "_wandb": {"runtime": 34}}