{"epochs": 5, "loss": 2.013, "acc": 0.6913, "val_loss": 0.9811, "val_acc": 0.741, "_timestamp": 1708542514.455008, "_runtime": 48.0475070476532, "_step": 5, "_wandb": {"runtime": 47}}