{"epochs": 5, "loss": 2.9983, "acc": 0.6859, "val_loss": 0.6616, "val_acc": 0.945, "_timestamp": 1708556347.3715146, "_runtime": 48.58634567260742, "_step": 5, "_wandb": {"runtime": 47}}