{"epochs": 5, "loss": 0.3939, "acc": 0.9298, "val_loss": 0.2643, "val_acc": 0.9455, "_timestamp": 1708549871.6177251, "_runtime": 46.91714119911194, "_step": 5, "_wandb": {"runtime": 46}}