{"epochs": 5, "loss": 3.1283, "acc": 0.3487, "val_loss": 2.1903, "val_acc": 0.0598, "_timestamp": 1708580569.116977, "_runtime": 66.80991196632385, "_step": 5, "_wandb": {"runtime": 66}}