{"epochs": 5, "loss": 2.32, "accuracy": 0.6769, "val_loss": 0.5051, "val_accuracy": 0.944, "_timestamp": 1709214575.9934835, "_runtime": 87.73404049873352, "_step": 5, "_wandb": {"runtime": 87}}