{"epochs": 5, "loss": 1.7093, "accuracy": 0.8442, "val_loss": 1.1438, "val_accuracy": 0.9452, "_timestamp": 1709225173.515587, "_runtime": 46.14899301528931, "_step": 5, "_wandb": {"runtime": 45}}