{"epochs": 5, "loss": 1.567, "accuracy": 0.6976, "val_loss": 0.9538, "val_accuracy": 0.6943, "_timestamp": 1708723400.68218, "_runtime": 79.16454291343689, "_step": 5, "_wandb": {"runtime": 78}}