{"epochs": 5, "loss": 1.2062, "accuracy": 0.8811, "val_loss": 0.8398, "val_accuracy": 0.9455, "_timestamp": 1709214965.7358093, "_runtime": 84.98414826393127, "_step": 5, "_wandb": {"runtime": 84}}