{"epochs": 5, "loss": 1.041, "accuracy": 0.905, "val_loss": 0.7982, "val_accuracy": 0.9448, "_timestamp": 1708723897.8828776, "_runtime": 34.274571657180786, "_step": 5, "_wandb": {"runtime": 33}}