{"epochs": 5, "loss": 2.092, "accuracy": 0.7252, "val_loss": 0.7857, "val_accuracy": 0.8258, "_timestamp": 1709224357.9028604, "_runtime": 46.50987243652344, "_step": 5, "_wandb": {"runtime": 46}}