{"epochs": 5, "loss": 0.8415, "accuracy": 0.8143, "val_loss": 0.3308, "val_accuracy": 0.9449, "_timestamp": 1709231626.1469524, "_runtime": 45.91114330291748, "_step": 5, "_wandb": {"runtime": 45}}