{"epochs": 5, "loss": 0.9112, "acc": 0.9327, "val_loss": 0.8347, "val_acc": 0.945, "_timestamp": 1708592641.9260666, "_runtime": 80.64018154144287, "_step": 5, "_wandb": {"runtime": 80}}