{"epochs": 5, "loss": 10.4528, "accuracy": 0.2503, "val_loss": 6.8754, "val_accuracy": 0.0692, "_timestamp": 1709215531.420727, "_runtime": 86.21052598953247, "_step": 5, "_wandb": {"runtime": 85}}