{"epochs": 5, "loss": 1.253, "acc": 0.8884, "val_loss": 0.8246, "val_acc": 0.9436, "_timestamp": 1708561147.8988073, "_runtime": 48.357564210891724, "_step": 5, "_wandb": {"runtime": 47}}