{"epochs": 5, "loss": 2.9184, "accuracy": 0.6266, "val_loss": 0.562, "val_accuracy": 0.8415, "_timestamp": 1709229685.976694, "_runtime": 26.772240161895752, "_step": 5, "_wandb": {"runtime": 26}}