{"epochs": 5, "loss": 2.8067, "accuracy": 0.6925, "val_loss": 0.4184, "val_accuracy": 0.9176, "_timestamp": 1709213714.7196424, "_runtime": 82.88607835769653, "_step": 5, "_wandb": {"runtime": 82}}