{"epochs": 5, "loss": 1.5246, "acc": 0.6863, "val_loss": 0.4036, "val_acc": 0.8524, "_timestamp": 1708551874.695002, "_runtime": 52.97673416137695, "_step": 5, "_wandb": {"runtime": 52}}