{"epochs": 5, "loss": 3.8277, "accuracy": 0.7039, "val_loss": 0.6964, "val_accuracy": 0.9451, "_timestamp": 1709214779.069515, "_runtime": 87.03928208351135, "_step": 5, "_wandb": {"runtime": 86}}