{"epochs": 5, "loss": 1.2983, "acc": 0.9257, "val_loss": 1.0482, "val_acc": 0.9462, "_timestamp": 1708552130.0999575, "_runtime": 48.53925943374634, "_step": 5, "_wandb": {"runtime": 48}}