{"epochs": 5, "loss": 0.3989, "acc": 0.9045, "val_loss": 0.2437, "val_acc": 0.9467, "_timestamp": 1708566152.9119825, "_runtime": 54.92098045349121, "_step": 5, "_wandb": {"runtime": 54}}