{"epochs": 5, "loss": 0.524, "accuracy": 0.9327, "val_loss": 0.4685, "val_accuracy": 0.9459, "_timestamp": 1708727071.708951, "_runtime": 34.0673770904541, "_step": 5, "_wandb": {"runtime": 33}}