{"epochs": 5, "loss": 1.5822, "acc": 0.8878, "val_loss": 1.2161, "val_acc": 0.9455, "_timestamp": 1708590314.3602555, "_runtime": 26.079206466674805, "_step": 5, "_wandb": {"runtime": 25}}