{"epochs": 5, "loss": 1.5642, "acc": 0.8567, "val_loss": 0.9497, "val_acc": 0.9451, "_timestamp": 1708590662.6210427, "_runtime": 42.72525763511658, "_step": 5, "_wandb": {"runtime": 42}}