{"epochs": 5, "loss": 5.3835, "accuracy": 0.3467, "val_loss": 4.6585, "val_accuracy": 0.0823, "_timestamp": 1708632549.0194542, "_runtime": 80.90705633163452, "_step": 5, "_wandb": {"runtime": 79}}