{"epochs": 5, "loss": 1.6169, "acc": 0.7713, "val_loss": 0.5582, "val_acc": 0.9433, "_timestamp": 1708565676.6652195, "_runtime": 54.61981153488159, "_step": 5, "_wandb": {"runtime": 54}}