{"epochs": 5, "loss": 3.0455, "accuracy": 0.7455, "val_loss": 1.7052, "val_accuracy": 0.946, "_timestamp": 1709230565.065684, "_runtime": 28.534512996673584, "_step": 5, "_wandb": {"runtime": 28}}