{"epochs": 5, "loss": 0.4448, "accuracy": 0.9152, "val_loss": 0.2883, "val_accuracy": 0.9441, "_timestamp": 1709238407.4609873, "_runtime": 97.25855422019958, "_step": 5, "_wandb": {"runtime": 96}}