{"epochs": 5, "loss": 1.9251, "accuracy": 0.8159, "val_loss": 0.6465, "val_accuracy": 0.9331, "_timestamp": 1708725708.9118977, "_runtime": 20.38031554222107, "_step": 5, "_wandb": {"runtime": 19}}