{"epochs": 5, "loss": 1.1328, "acc": 0.7517, "val_loss": 0.6545, "val_acc": 0.945, "_timestamp": 1708565224.0064805, "_runtime": 62.297940492630005, "_step": 5, "_wandb": {"runtime": 61}}