{"epochs": 5, "loss": 0.6382, "acc": 0.8729, "val_loss": 0.319, "val_acc": 0.946, "_timestamp": 1708581063.0117517, "_runtime": 42.842076539993286, "_step": 5, "_wandb": {"runtime": 42}}