{"epochs": 5, "loss": 1.302, "accuracy": 0.9165, "val_loss": 0.9908, "val_accuracy": 0.9458, "_timestamp": 1708633473.7673144, "_runtime": 81.47943949699402, "_step": 5, "_wandb": {"runtime": 80}}