{"epochs": 5, "loss": 1.1513, "accuracy": 0.8861, "val_loss": 0.665, "val_accuracy": 0.9473, "_timestamp": 1709226769.2791731, "_runtime": 45.18652415275574, "_step": 5, "_wandb": {"runtime": 44}}