{"epochs": 5, "loss": 0.3119, "acc": 0.9444, "val_loss": 0.2329, "val_acc": 0.9455, "_timestamp": 1708592168.7634313, "_runtime": 79.16232538223267, "_step": 5, "_wandb": {"runtime": 78}}