{"epochs": 5, "loss": 1.246, "acc": 0.9455, "val_loss": 1.1306, "val_acc": 0.945, "_timestamp": 1708548088.3359244, "_runtime": 47.3557653427124, "_step": 5, "_wandb": {"runtime": 46}}