{"epochs": 5, "loss": 1.0707, "accuracy": 0.7662, "val_loss": 0.557, "val_accuracy": 0.9464, "_timestamp": 1709244049.6848447, "_runtime": 60.43965268135071, "_step": 5, "_wandb": {"runtime": 59}}