{"epochs": 5, "loss": 1.6585, "acc": 0.9065, "val_loss": 1.2843, "val_acc": 0.9458, "_timestamp": 1708552952.1143425, "_runtime": 49.19953751564026, "_step": 5, "_wandb": {"runtime": 48}}