{"epochs": 5, "loss": 1.7522, "acc": 0.8159, "val_loss": 0.7474, "val_acc": 0.9471, "_timestamp": 1708563529.5801487, "_runtime": 61.6712327003479, "_step": 5, "_wandb": {"runtime": 61}}