{"epochs": 5, "loss": 0.4647, "acc": 0.8931, "val_loss": 0.2448, "val_acc": 0.9449, "_timestamp": 1708541913.9894567, "_runtime": 42.22332763671875, "_step": 5, "_wandb": {"runtime": 41}}