{"epochs": 5, "loss": 0.6671, "accuracy": 0.9453, "val_loss": 0.5694, "val_accuracy": 0.9456, "_timestamp": 1708725618.6463258, "_runtime": 20.786271810531616, "_step": 5, "_wandb": {"runtime": 20}}