{"epochs": 5, "loss": 2.6114, "acc": 0.7028, "val_loss": 0.3986, "val_acc": 0.8839, "_timestamp": 1708588715.9133425, "_runtime": 25.11469841003418, "_step": 5, "_wandb": {"runtime": 24}}