{"epochs": 5, "loss": 17.0801, "accuracy": 0.1002, "val_loss": 13.8248, "val_accuracy": 0.0557, "_timestamp": 1709250489.6098266, "_runtime": 49.02695560455322, "_step": 5, "_wandb": {"runtime": 48}}