{"epochs": 5, "loss": 0.5723, "accuracy": 0.9457, "val_loss": 0.3254, "val_accuracy": 0.9447, "_timestamp": 1708634503.4874892, "_runtime": 81.04574012756348, "_step": 5, "_wandb": {"runtime": 80}}