{"epochs": 5, "loss": 0.6073, "acc": 0.8582, "val_loss": 0.2915, "val_acc": 0.944, "_timestamp": 1708546961.377483, "_runtime": 46.81733798980713, "_step": 5, "_wandb": {"runtime": 46}}