{"epochs": 5, "loss": 1.8219, "accuracy": 0.8903, "val_loss": 1.2631, "val_accuracy": 0.9464, "_timestamp": 1708631780.992936, "_runtime": 87.87929797172546, "_step": 5, "_wandb": {"runtime": 87}}