{"epochs": 5, "loss": 0.6105, "accuracy": 0.9409, "val_loss": 0.4379, "val_accuracy": 0.9455, "_timestamp": 1709235479.7047045, "_runtime": 35.413599491119385, "_step": 5, "_wandb": {"runtime": 34}}