{"epochs": 5, "loss": 0.3359, "accuracy": 0.9373, "val_loss": 0.2358, "val_accuracy": 0.946, "_timestamp": 1708726036.4914885, "_runtime": 33.53402137756348, "_step": 5, "_wandb": {"runtime": 32}}