{"epochs": 5, "loss": 0.3699, "accuracy": 0.9177, "val_loss": 0.2274, "val_accuracy": 0.9452, "_timestamp": 1709220868.1473517, "_runtime": 83.64350175857544, "_step": 5, "_wandb": {"runtime": 83}}