{"epochs": 5, "loss": 0.6658, "accuracy": 0.9282, "val_loss": 0.5089, "val_accuracy": 0.9452, "_timestamp": 1709230151.8711884, "_runtime": 26.501570463180542, "_step": 5, "_wandb": {"runtime": 25}}