{"epochs": 5, "loss": 0.7986, "accuracy": 0.8841, "val_loss": 0.5696, "val_accuracy": 0.9463, "_timestamp": 1709240436.1000848, "_runtime": 40.849642753601074, "_step": 5, "_wandb": {"runtime": 40}}