{"epochs": 5, "loss": 5.2022, "acc": 0.469, "val_loss": 1.5329, "val_acc": 0.5582, "_timestamp": 1708544974.225046, "_runtime": 48.43413686752319, "_step": 5, "_wandb": {"runtime": 47}}