{"Epsilon": 4843.958697036093, "_timestamp": 1709336924.5413208, "_runtime": 76.04433369636536, "_step": 0, "_wandb": {"runtime": 75}}