{"epochs": 5, "loss": 0.8186, "accuracy": 0.8517, "val_loss": 0.3399, "val_accuracy": 0.9455, "_timestamp": 1708723134.9242086, "_runtime": 78.74929857254028, "_step": 5, "_wandb": {"runtime": 78}}