{"epochs": 5, "loss": 0.4168, "accuracy": 0.8185, "val_loss": 0.2246, "val_accuracy": 0.9395, "_timestamp": 1709246969.3270686, "_runtime": 47.22115159034729, "_step": 5, "_wandb": {"runtime": 46}}