{"epochs": 5, "loss": 0.5679, "accuracy": 0.9292, "val_loss": 0.4377, "val_accuracy": 0.9455, "_timestamp": 1709248354.3394458, "_runtime": 48.88701581954956, "_step": 5, "_wandb": {"runtime": 48}}