{"epochs": 5, "loss": 1.6031, "acc": 0.7372, "val_loss": 0.3888, "val_acc": 0.9333, "_timestamp": 1708542205.7308218, "_runtime": 46.366249799728394, "_step": 5, "_wandb": {"runtime": 45}}