{"epochs": 5, "loss": 0.6465, "acc": 0.8843, "val_loss": 0.365, "val_acc": 0.9412, "_timestamp": 1708564614.1911006, "_runtime": 50.84023666381836, "_step": 5, "_wandb": {"runtime": 50}}