{"epochs": 5, "loss": 0.9415, "accuracy": 0.938, "val_loss": 0.6758, "val_accuracy": 0.9451, "_timestamp": 1709241143.2876115, "_runtime": 34.9675076007843, "_step": 5, "_wandb": {"runtime": 34}}