{"epochs": 5, "loss": 16.8728, "acc": 0.1213, "val_loss": 14.7222, "val_acc": 0.0538, "_timestamp": 1708585321.9708612, "_runtime": 47.490352153778076, "_step": 5, "_wandb": {"runtime": 46}}