{"epochs": 5, "loss": 1.2271, "acc": 0.8146, "val_loss": 0.6987, "val_acc": 0.9465, "_timestamp": 1708556287.5386934, "_runtime": 48.003607511520386, "_step": 5, "_wandb": {"runtime": 47}}