{"epochs": 5, "loss": 1.9524, "acc": 0.7316, "val_loss": 0.451, "val_acc": 0.9394, "_timestamp": 1708566090.3147671, "_runtime": 55.650641202926636, "_step": 5, "_wandb": {"runtime": 55}}