{"epochs": 5, "loss": 0.5138, "accuracy": 0.9306, "val_loss": 0.2937, "val_accuracy": 0.9452, "_timestamp": 1709243800.096462, "_runtime": 28.673337936401367, "_step": 5, "_wandb": {"runtime": 28}}