{"epochs": 5, "loss": 0.3675, "accuracy": 0.9274, "val_loss": 0.2457, "val_accuracy": 0.9448, "_timestamp": 1709218764.3453393, "_runtime": 84.39532327651978, "_step": 5, "_wandb": {"runtime": 83}}