{"epochs": 5, "loss": 1.6197, "acc": 0.8123, "val_loss": 0.5074, "val_acc": 0.9457, "_timestamp": 1708554301.3835661, "_runtime": 54.98228621482849, "_step": 5, "_wandb": {"runtime": 54}}