{"epochs": 5, "loss": 0.5233, "accuracy": 0.8608, "val_loss": 0.2424, "val_accuracy": 0.9452, "_timestamp": 1708631572.6498637, "_runtime": 89.28409075737, "_step": 5, "_wandb": {"runtime": 88}}