{"epochs": 5, "loss": 0.8816, "accuracy": 0.929, "val_loss": 0.7377, "val_accuracy": 0.9462, "_timestamp": 1709228379.367277, "_runtime": 49.381006956100464, "_step": 5, "_wandb": {"runtime": 48}}