{"epochs": 5, "loss": 0.6574, "acc": 0.9174, "val_loss": 0.6388, "val_acc": 0.9455, "_timestamp": 1708585004.217276, "_runtime": 48.39033508300781, "_step": 5, "_wandb": {"runtime": 47}}