{"epochs": 5, "loss": 1.7495, "acc": 0.8862, "val_loss": 1.2602, "val_acc": 0.9457, "_timestamp": 1708565747.7968824, "_runtime": 61.09559750556946, "_step": 5, "_wandb": {"runtime": 60}}