{"epochs": 5, "loss": 1.5312, "acc": 0.9147, "val_loss": 1.2604, "val_acc": 0.9443, "_timestamp": 1708550490.2513542, "_runtime": 48.06634020805359, "_step": 5, "_wandb": {"runtime": 47}}