{"epochs": 5, "loss": 3.5881, "accuracy": 0.796, "val_loss": 0.7123, "val_accuracy": 0.9253, "_timestamp": 1709224078.315194, "_runtime": 45.476972818374634, "_step": 5, "_wandb": {"runtime": 44}}