{"epochs": 5, "loss": 0.963, "accuracy": 0.901, "val_loss": 0.875, "val_accuracy": 0.9451, "_timestamp": 1709229771.4061012, "_runtime": 28.83915615081787, "_step": 5, "_wandb": {"runtime": 28}}