{"epochs": 5, "loss": 2.0264, "acc": 0.8905, "val_loss": 1.5567, "val_acc": 0.9458, "_timestamp": 1708544627.619385, "_runtime": 48.01694703102112, "_step": 5, "_wandb": {"runtime": 47}}