{"epochs": 5, "loss": 0.6272, "accuracy": 0.9134, "val_loss": 0.3704, "val_accuracy": 0.9461, "_timestamp": 1709236873.317011, "_runtime": 49.417734146118164, "_step": 5, "_wandb": {"runtime": 48}}