{"epochs": 5, "loss": 1.2823, "accuracy": 0.9336, "val_loss": 1.2227, "val_accuracy": 0.9444, "_timestamp": 1708722511.740964, "_runtime": 78.41802096366882, "_step": 5, "_wandb": {"runtime": 77}}