{"epochs": 5, "loss": 0.3424, "accuracy": 0.945, "val_loss": 0.2528, "val_accuracy": 0.9456, "_timestamp": 1708723787.2751374, "_runtime": 85.64771747589111, "_step": 5, "_wandb": {"runtime": 85}}