{"epochs": 5, "loss": 4.1251, "acc": 0.6539, "val_loss": 0.8744, "val_acc": 0.7757, "_timestamp": 1708561541.4819305, "_runtime": 52.680856466293335, "_step": 5, "_wandb": {"runtime": 52}}