{"epochs": 5, "loss": 3.2208, "acc": 0.7441, "val_loss": 0.9527, "val_acc": 0.9464, "_timestamp": 1708542268.3163853, "_runtime": 46.57846522331238, "_step": 5, "_wandb": {"runtime": 45}}