{"epochs": 5, "loss": 0.3564, "accuracy": 0.9365, "val_loss": 0.2635, "val_accuracy": 0.946, "_timestamp": 1708633665.4525602, "_runtime": 81.11323022842407, "_step": 5, "_wandb": {"runtime": 80}}