{"epochs": 5, "loss": 0.6152, "accuracy": 0.9111, "val_loss": 0.3547, "val_accuracy": 0.9465, "_timestamp": 1709227337.7354233, "_runtime": 48.40673637390137, "_step": 5, "_wandb": {"runtime": 47}}