{"epochs": 5, "loss": 0.3097, "acc": 0.9437, "val_loss": 0.2285, "val_acc": 0.9455, "_timestamp": 1708595031.0915205, "_runtime": 85.92893958091736, "_step": 5, "_wandb": {"runtime": 85}}