{"epochs": 5, "loss": 0.5281, "acc": 0.9226, "val_loss": 0.3907, "val_acc": 0.9462, "_timestamp": 1708562546.1548564, "_runtime": 49.1512565612793, "_step": 5, "_wandb": {"runtime": 48}}