{"epochs": 5, "loss": 6.2259, "acc": 0.435, "val_loss": 3.1056, "val_acc": 0.4908, "_timestamp": 1708568543.5860841, "_runtime": 2382.2083711624146, "_step": 5, "_wandb": {"runtime": 2381}}