{"epochs": 5, "loss": 0.4256, "acc": 0.8624, "val_loss": 0.2437, "val_acc": 0.9447, "_timestamp": 1708560646.6596332, "_runtime": 48.43283820152283, "_step": 5, "_wandb": {"runtime": 47}}