{"epochs": 5, "loss": 0.6504, "accuracy": 0.9422, "val_loss": 0.5781, "val_accuracy": 0.9458, "_timestamp": 1709248946.2555714, "_runtime": 87.80196332931519, "_step": 5, "_wandb": {"runtime": 87}}