{"epochs": 5, "loss": 1.7077, "acc": 0.8257, "val_loss": 0.9788, "val_acc": 0.9432, "_timestamp": 1708558485.507977, "_runtime": 48.20432209968567, "_step": 5, "_wandb": {"runtime": 47}}