{"epochs": 5, "loss": 0.4156, "acc": 0.9305, "val_loss": 0.2451, "val_acc": 0.9461, "_timestamp": 1708586687.2579987, "_runtime": 26.991060733795166, "_step": 5, "_wandb": {"runtime": 26}}