{"epochs": 5, "loss": 0.8006, "accuracy": 0.93, "val_loss": 0.7257, "val_accuracy": 0.945, "_timestamp": 1708725055.446422, "_runtime": 20.67141819000244, "_step": 5, "_wandb": {"runtime": 20}}