{"epochs": 5, "loss": 1.2498, "accuracy": 0.7486, "val_loss": 0.2465, "val_accuracy": 0.9337, "_timestamp": 1709229870.0405216, "_runtime": 26.019221544265747, "_step": 5, "_wandb": {"runtime": 25}}