{"epochs": 5, "loss": 0.2965, "acc": 0.9444, "val_loss": 0.2303, "val_acc": 0.9445, "_timestamp": 1708594394.6244416, "_runtime": 86.94743657112122, "_step": 5, "_wandb": {"runtime": 86}}