{"Epsilon": 4843.958697036093, "_timestamp": 1709337046.7442555, "_runtime": 75.5727105140686, "_step": 0, "_wandb": {"runtime": 75}}