{"epochs": 5, "loss": 0.7622, "accuracy": 0.7659, "val_loss": 0.2872, "val_accuracy": 0.945, "_timestamp": 1709215248.200783, "_runtime": 84.91628313064575, "_step": 5, "_wandb": {"runtime": 84}}