{"epochs": 5, "loss": 0.4422, "accuracy": 0.9429, "val_loss": 0.3567, "val_accuracy": 0.9447, "_timestamp": 1708724372.7549765, "_runtime": 34.8610155582428, "_step": 5, "_wandb": {"runtime": 34}}