{"epochs": 5, "loss": 20.7683, "accuracy": 0.2161, "val_loss": 16.1886, "val_accuracy": 0.0546, "_timestamp": 1709230610.154559, "_runtime": 28.526065826416016, "_step": 5, "_wandb": {"runtime": 28}}