{"epochs": 5, "loss": 0.2991, "accuracy": 0.9454, "val_loss": 0.2296, "val_accuracy": 0.9455, "_timestamp": 1709231327.9718142, "_runtime": 44.66647815704346, "_step": 5, "_wandb": {"runtime": 44}}