{"epochs": 5, "loss": 0.4975, "accuracy": 0.9015, "val_loss": 0.308, "val_accuracy": 0.9457, "_timestamp": 1709241420.4362924, "_runtime": 92.47039651870728, "_step": 5, "_wandb": {"runtime": 91}}