{"epochs": 5, "loss": 5.5244, "acc": 0.2796, "val_loss": 2.3837, "val_acc": 0.146, "_timestamp": 1708541752.1807988, "_runtime": 44.35345673561096, "_step": 5, "_wandb": {"runtime": 43}}