{"epochs": 5, "loss": 1.2555, "acc": 0.8618, "val_loss": 0.8317, "val_acc": 0.9373, "_timestamp": 1708559931.0017846, "_runtime": 53.92859745025635, "_step": 5, "_wandb": {"runtime": 47}}