{"epochs": 5, "loss": 0.7343, "accuracy": 0.9003, "val_loss": 0.4581, "val_accuracy": 0.9448, "_timestamp": 1709226820.3873706, "_runtime": 43.92840266227722, "_step": 5, "_wandb": {"runtime": 43}}