{"epochs": 5, "loss": 1.9169, "acc": 0.8266, "val_loss": 1.2278, "val_acc": 0.9465, "_timestamp": 1708580849.3934515, "_runtime": 43.982423543930054, "_step": 5, "_wandb": {"runtime": 43}}