{"epochs": 5, "loss": 2.8547, "accuracy": 0.9156, "val_loss": 2.6185, "val_accuracy": 0.9463, "_timestamp": 1709240612.2532566, "_runtime": 56.45221662521362, "_step": 5, "_wandb": {"runtime": 55}}