{"epochs": 5, "loss": 4.3614, "accuracy": 0.4153, "val_loss": 2.1587, "val_accuracy": 0.4051, "_timestamp": 1709236764.8816435, "_runtime": 29.34722352027893, "_step": 5, "_wandb": {"runtime": 28}}