{"epochs": 5, "loss": 1.2072, "accuracy": 0.8488, "val_loss": 0.7862, "val_accuracy": 0.9442, "_timestamp": 1709230817.104867, "_runtime": 31.415215969085693, "_step": 5, "_wandb": {"runtime": 30}}