{"epochs": 5, "loss": 0.7454, "accuracy": 0.9427, "val_loss": 0.5653, "val_accuracy": 0.9456, "_timestamp": 1709240171.4412148, "_runtime": 63.8917977809906, "_step": 5, "_wandb": {"runtime": 63}}