{"epochs": 5, "loss": 1.6894, "acc": 0.8717, "val_loss": 1.3287, "val_acc": 0.9449, "_timestamp": 1708550549.4099407, "_runtime": 47.72953176498413, "_step": 5, "_wandb": {"runtime": 47}}