{"epochs": 5, "loss": 0.7612, "acc": 0.8197, "val_loss": 0.4746, "val_acc": 0.9455, "_timestamp": 1708585705.2646546, "_runtime": 88.50643658638, "_step": 5, "_wandb": {"runtime": 87}}