{"epochs": 5, "loss": 1.8711, "acc": 0.7323, "val_loss": 0.6833, "val_acc": 0.9093, "_timestamp": 1708560832.7428052, "_runtime": 53.508854150772095, "_step": 5, "_wandb": {"runtime": 52}}