{"epochs": 5, "loss": 0.5642, "accuracy": 0.9087, "val_loss": 0.3066, "val_accuracy": 0.9474, "_timestamp": 1709239867.8548687, "_runtime": 92.37785053253174, "_step": 5, "_wandb": {"runtime": 91}}