{"epochs": 5, "loss": 0.4127, "acc": 0.9436, "val_loss": 0.3353, "val_acc": 0.9447, "_timestamp": 1708586798.8629556, "_runtime": 27.158148527145386, "_step": 5, "_wandb": {"runtime": 26}}