{"epochs": 5, "loss": 0.5319, "acc": 0.8558, "val_loss": 0.2658, "val_acc": 0.9388, "_timestamp": 1708562118.0327802, "_runtime": 60.63943123817444, "_step": 5, "_wandb": {"runtime": 60}}