{"epochs": 5, "loss": 0.7955, "accuracy": 0.8329, "val_loss": 0.4327, "val_accuracy": 0.9262, "_timestamp": 1709235336.849853, "_runtime": 91.08282113075256, "_step": 5, "_wandb": {"runtime": 90}}