{"epochs": 5, "loss": 0.8798, "accuracy": 0.9455, "val_loss": 0.6456, "val_accuracy": 0.9453, "_timestamp": 1708633293.674368, "_runtime": 80.78543186187744, "_step": 5, "_wandb": {"runtime": 79}}