{"epochs": 5, "loss": 0.7538, "acc": 0.8399, "val_loss": 0.2432, "val_acc": 0.9443, "_timestamp": 1708550366.3138142, "_runtime": 47.868314266204834, "_step": 5, "_wandb": {"runtime": 47}}