{"epochs": 5, "loss": 1.0108, "acc": 0.8975, "val_loss": 0.7361, "val_acc": 0.9449, "_timestamp": 1708563807.4588964, "_runtime": 51.469255447387695, "_step": 5, "_wandb": {"runtime": 50}}