{"epochs": 5, "loss": 1.9794, "acc": 0.916, "val_loss": 1.775, "val_acc": 0.9453, "_timestamp": 1708581857.7454169, "_runtime": 43.593505859375, "_step": 5, "_wandb": {"runtime": 43}}