{"epochs": 5, "loss": 0.9554, "accuracy": 0.8407, "val_loss": 0.4474, "val_accuracy": 0.9447, "_timestamp": 1708720173.5416124, "_runtime": 78.51879239082336, "_step": 5, "_wandb": {"runtime": 77}}