{"epochs": 9, "loss": 0.3485, "accuracy": 0.9387, "val_loss": 0.2372, "val_accuracy": 0.9458, "_timestamp": 1708638359.394681, "_runtime": 75.99388098716736, "_step": 9, "_wandb": {"runtime": 75}}