{"epochs": 5, "loss": 0.2695, "acc": 0.9449, "val_loss": 0.2266, "val_acc": 0.9458, "_timestamp": 1708594199.819197, "_runtime": 85.64453291893005, "_step": 5, "_wandb": {"runtime": 85}}