{"epochs": 5, "loss": 0.6993, "accuracy": 0.9183, "val_loss": 0.6217, "val_accuracy": 0.9452, "_timestamp": 1708723832.0859747, "_runtime": 34.47311878204346, "_step": 5, "_wandb": {"runtime": 33}}