{"epochs": 5, "loss": 0.3223, "accuracy": 0.9329, "val_loss": 0.2566, "val_accuracy": 0.946, "_timestamp": 1709243064.7797225, "_runtime": 85.64589738845825, "_step": 5, "_wandb": {"runtime": 84}}