{"epochs": 5, "loss": 0.9385, "accuracy": 0.8341, "val_loss": 0.3711, "val_accuracy": 0.9457, "_timestamp": 1709216295.3724072, "_runtime": 79.28767228126526, "_step": 5, "_wandb": {"runtime": 78}}