{"epochs": 5, "loss": 1.6935, "accuracy": 0.9455, "val_loss": 1.5922, "val_accuracy": 0.945, "_timestamp": 1709225562.4694932, "_runtime": 48.262362241744995, "_step": 5, "_wandb": {"runtime": 47}}