{"epochs": 5, "loss": 0.7012, "accuracy": 0.8783, "val_loss": 0.3622, "val_accuracy": 0.9459, "_timestamp": 1708725987.097436, "_runtime": 20.300577878952026, "_step": 5, "_wandb": {"runtime": 19}}