{"epochs": 5, "loss": 1.5278, "accuracy": 0.736, "val_loss": 0.6056, "val_accuracy": 0.9448, "_timestamp": 1709248848.5309064, "_runtime": 48.90940451622009, "_step": 5, "_wandb": {"runtime": 48}}