{"epochs": 5, "loss": 3.3449, "accuracy": 0.5162, "val_loss": 1.3553, "val_accuracy": 0.5001, "_timestamp": 1708631163.8858175, "_runtime": 89.40583062171936, "_step": 5, "_wandb": {"runtime": 88}}