{"epochs": 5, "loss": 1.7022, "accuracy": 0.6738, "val_loss": 0.333, "val_accuracy": 0.9107, "_timestamp": 1708723223.4505515, "_runtime": 78.7330424785614, "_step": 5, "_wandb": {"runtime": 78}}