{"epochs": 5, "loss": 0.5383, "acc": 0.933, "val_loss": 0.3317, "val_acc": 0.9458, "_timestamp": 1708562614.9250233, "_runtime": 50.45056223869324, "_step": 5, "_wandb": {"runtime": 49}}