{"epochs": 5, "loss": 1.3944, "accuracy": 0.9052, "val_loss": 1.112, "val_accuracy": 0.9452, "_timestamp": 1708725027.7081068, "_runtime": 34.97161078453064, "_step": 5, "_wandb": {"runtime": 34}}