{"epochs": 5, "loss": 1.386, "acc": 0.8775, "val_loss": 1.1411, "val_acc": 0.9453, "_timestamp": 1708545157.4434876, "_runtime": 47.60022974014282, "_step": 5, "_wandb": {"runtime": 46}}