{"epochs": 5, "loss": 2.6349, "acc": 0.848, "val_loss": 1.7258, "val_acc": 0.9452, "_timestamp": 1708549346.39188, "_runtime": 47.2806761264801, "_step": 5, "_wandb": {"runtime": 46}}