{"epochs": 5, "loss": 0.7312, "acc": 0.9029, "val_loss": 0.4987, "val_acc": 0.9456, "_timestamp": 1708543616.728249, "_runtime": 46.89346504211426, "_step": 5, "_wandb": {"runtime": 46}}