{"epochs": 5, "loss": 24.3375, "accuracy": 0.0826, "val_loss": 22.009, "val_accuracy": 0.0543, "_timestamp": 1708629960.8237472, "_runtime": 86.81040906906128, "_step": 5, "_wandb": {"runtime": 86}}