{"epochs": 5, "loss": 1.8516, "accuracy": 0.6357, "val_loss": 0.3995, "val_accuracy": 0.892, "_timestamp": 1708632071.5683408, "_runtime": 87.5526237487793, "_step": 5, "_wandb": {"runtime": 87}}