{"epochs": 5, "loss": 0.7118, "accuracy": 0.9371, "val_loss": 0.6508, "val_accuracy": 0.9458, "_timestamp": 1709246725.994835, "_runtime": 86.38599586486816, "_step": 5, "_wandb": {"runtime": 85}}