{"epochs": 5, "loss": 0.8176, "acc": 0.9456, "val_loss": 0.6172, "val_acc": 0.945, "_timestamp": 1708563202.4210768, "_runtime": 54.531431674957275, "_step": 5, "_wandb": {"runtime": 54}}