{"epochs": 5, "loss": 2.1321, "accuracy": 0.7713, "val_loss": 0.8361, "val_accuracy": 0.9415, "_timestamp": 1709217039.3070366, "_runtime": 84.99951362609863, "_step": 5, "_wandb": {"runtime": 84}}