{"epochs": 5, "loss": 1.3066, "accuracy": 0.9456, "val_loss": 1.1732, "val_accuracy": 0.9449, "_timestamp": 1709245110.163647, "_runtime": 53.14892101287842, "_step": 5, "_wandb": {"runtime": 52}}