{"epochs": 5, "loss": 0.9686, "acc": 0.9407, "val_loss": 0.6515, "val_acc": 0.9448, "_timestamp": 1708591346.4171712, "_runtime": 80.59690427780151, "_step": 5, "_wandb": {"runtime": 80}}