{"epochs": 5, "loss": 1.0997, "accuracy": 0.9267, "val_loss": 1.0439, "val_accuracy": 0.9459, "_timestamp": 1708720621.4707215, "_runtime": 79.29319858551025, "_step": 5, "_wandb": {"runtime": 78}}