{"epochs": 5, "loss": 1.3866, "accuracy": 0.7358, "val_loss": 0.9956, "val_accuracy": 0.7243, "_timestamp": 1709230109.679612, "_runtime": 30.4809730052948, "_step": 5, "_wandb": {"runtime": 29}}