{"epochs": 5, "loss": 0.7226, "accuracy": 0.9453, "val_loss": 0.6567, "val_accuracy": 0.9458, "_timestamp": 1708723689.2009354, "_runtime": 85.84379529953003, "_step": 5, "_wandb": {"runtime": 85}}