{"epochs": 5, "loss": 1.547, "accuracy": 0.9457, "val_loss": 1.2685, "val_accuracy": 0.9445, "_timestamp": 1708720086.7995572, "_runtime": 79.20334029197693, "_step": 5, "_wandb": {"runtime": 78}}