{"epochs": 5, "loss": 0.3303, "accuracy": 0.9213, "val_loss": 0.242, "val_accuracy": 0.9454, "_timestamp": 1709219235.5634513, "_runtime": 84.91873717308044, "_step": 5, "_wandb": {"runtime": 84}}