{"epochs": 5, "loss": 11.724, "accuracy": 0.2364, "val_loss": 10.1905, "val_accuracy": 0.0555, "_timestamp": 1708634602.1676977, "_runtime": 81.61478662490845, "_step": 5, "_wandb": {"runtime": 81}}