{"epochs": 5, "loss": NaN, "accuracy": 0.9456, "val_loss": NaN, "val_accuracy": 0.9448, "_timestamp": 1708724120.5315084, "_runtime": 20.309887409210205, "_step": 5, "_wandb": {"runtime": 19}}