{"epochs": 5, "loss": 0.8023, "accuracy": 0.8671, "val_loss": 0.4078, "val_accuracy": 0.9451, "_timestamp": 1709233393.430702, "_runtime": 87.57292699813843, "_step": 5, "_wandb": {"runtime": 87}}