{"epochs": 5, "loss": 0.2633, "accuracy": 0.9447, "val_loss": 0.2137, "val_accuracy": 0.9459, "_timestamp": 1709221349.1104481, "_runtime": 86.27904105186462, "_step": 5, "_wandb": {"runtime": 85}}