{"epochs": 5, "loss": NaN, "accuracy": 0.9459, "val_loss": NaN, "val_accuracy": 0.944, "_timestamp": 1709235789.3792064, "_runtime": 98.6799213886261, "_step": 5, "_wandb": {"runtime": 98}}