{"epochs": 5, "loss": 2.784, "acc": 0.7719, "val_loss": 0.8917, "val_acc": 0.9459, "_timestamp": 1708546167.3143141, "_runtime": 47.034672021865845, "_step": 5, "_wandb": {"runtime": 46}}