{"epochs": 5, "loss": 1.8107, "accuracy": 0.8778, "val_loss": 1.3892, "val_accuracy": 0.9458, "_timestamp": 1709228815.104788, "_runtime": 46.93148112297058, "_step": 5, "_wandb": {"runtime": 46}}