{"epochs": 5, "loss": 0.4532, "acc": 0.9153, "val_loss": 0.2723, "val_acc": 0.9448, "_timestamp": 1708548987.8741288, "_runtime": 47.55652189254761, "_step": 5, "_wandb": {"runtime": 46}}