{"epochs": 5, "loss": 0.3076, "accuracy": 0.9416, "val_loss": 0.2407, "val_accuracy": 0.9454, "_timestamp": 1709241097.8700645, "_runtime": 50.97895860671997, "_step": 5, "_wandb": {"runtime": 50}}