{"epochs": 5, "loss": 1.2003, "acc": 0.9072, "val_loss": 1.0732, "val_acc": 0.9447, "_timestamp": 1708550789.0516565, "_runtime": 47.963295459747314, "_step": 5, "_wandb": {"runtime": 47}}