{"epochs": 5, "loss": 0.3727, "accuracy": 0.8231, "val_loss": 0.2748, "val_accuracy": 0.9438, "_timestamp": 1709228704.0016425, "_runtime": 44.16288352012634, "_step": 5, "_wandb": {"runtime": 43}}