{"epochs": 5, "loss": 0.2705, "acc": 0.9452, "val_loss": 0.2208, "val_acc": 0.9458, "_timestamp": 1708595318.9099414, "_runtime": 85.876145362854, "_step": 5, "_wandb": {"runtime": 85}}