{"epochs": 5, "loss": 5.7021, "accuracy": 0.5599, "val_loss": 0.8576, "val_accuracy": 0.7333, "_timestamp": 1709233963.4213862, "_runtime": 32.90379214286804, "_step": 5, "_wandb": {"runtime": 32}}