{"epochs": 5, "loss": 1.1409, "accuracy": 0.8174, "val_loss": 0.5787, "val_accuracy": 0.9448, "_timestamp": 1709251974.5343516, "_runtime": 45.19470167160034, "_step": 5, "_wandb": {"runtime": 44}}