{"epochs": 5, "loss": 0.7285, "acc": 0.8497, "val_loss": 0.3405, "val_acc": 0.9042, "_timestamp": 1708590808.390113, "_runtime": 43.03104615211487, "_step": 5, "_wandb": {"runtime": 42}}