{"epochs": 5, "loss": 0.2707, "acc": 0.9445, "val_loss": 0.2265, "val_acc": 0.9454, "_timestamp": 1708597208.7966917, "_runtime": 80.89272165298462, "_step": 5, "_wandb": {"runtime": 80}}