{"epochs": 5, "loss": 28.7776, "acc": 0.1216, "val_loss": 22.9698, "val_acc": 0.0548, "_timestamp": 1708545683.9207036, "_runtime": 47.62314176559448, "_step": 5, "_wandb": {"runtime": 47}}