{"epochs": 5, "loss": 1.3282, "accuracy": 0.8799, "val_loss": 0.9561, "val_accuracy": 0.9443, "_timestamp": 1708632270.2173367, "_runtime": 87.45026969909668, "_step": 5, "_wandb": {"runtime": 85}}