{"epochs": 5, "loss": 0.4491, "accuracy": 0.9339, "val_loss": 0.2349, "val_accuracy": 0.9432, "_timestamp": 1709241520.136271, "_runtime": 91.0483009815216, "_step": 5, "_wandb": {"runtime": 90}}