{"epochs": 5, "loss": NaN, "accuracy": 0.946, "val_loss": NaN, "val_accuracy": 0.9438, "_timestamp": 1709231991.25841, "_runtime": 80.96830487251282, "_step": 5, "_wandb": {"runtime": 80}}