{"epochs": 5, "loss": 0.6537, "accuracy": 0.9243, "val_loss": 0.3977, "val_accuracy": 0.9453, "_timestamp": 1709219915.5285575, "_runtime": 83.22186851501465, "_step": 5, "_wandb": {"runtime": 82}}