{"epochs": 5, "loss": 0.3891, "accuracy": 0.9412, "val_loss": 0.2654, "val_accuracy": 0.9454, "_timestamp": 1709230991.6710715, "_runtime": 44.43182945251465, "_step": 5, "_wandb": {"runtime": 43}}