{"epochs": 5, "loss": 7.7319, "acc": 0.4034, "val_loss": 2.27, "val_acc": 0.322, "_timestamp": 1708551939.1393137, "_runtime": 48.98318958282471, "_step": 5, "_wandb": {"runtime": 48}}