{"epochs": 5, "loss": 0.3147, "accuracy": 0.9441, "val_loss": 0.2432, "val_accuracy": 0.9459, "_timestamp": 1708722155.7789521, "_runtime": 78.22031211853027, "_step": 5, "_wandb": {"runtime": 77}}