{"epochs": 5, "loss": 0.3842, "acc": 0.9422, "val_loss": 0.2855, "val_acc": 0.947, "_timestamp": 1708596118.7900593, "_runtime": 86.61463522911072, "_step": 5, "_wandb": {"runtime": 86}}