{"epochs": 5, "loss": 1.0969, "accuracy": 0.8075, "val_loss": 0.5771, "val_accuracy": 0.9416, "_timestamp": 1709242420.6935232, "_runtime": 48.50672626495361, "_step": 5, "_wandb": {"runtime": 47}}