{"epochs": 5, "loss": 0.4266, "acc": 0.9335, "val_loss": 0.2719, "val_acc": 0.9466, "_timestamp": 1708548268.0669906, "_runtime": 46.93909549713135, "_step": 5, "_wandb": {"runtime": 46}}