{"epochs": 5, "loss": 2.819, "accuracy": 0.7825, "val_loss": 0.7258, "val_accuracy": 0.9447, "_timestamp": 1709246385.6046562, "_runtime": 85.04813432693481, "_step": 5, "_wandb": {"runtime": 84}}