{"epochs": 5, "loss": 0.5272, "accuracy": 0.8458, "val_loss": 0.311, "val_accuracy": 0.9368, "_timestamp": 1709223337.5454395, "_runtime": 80.46393656730652, "_step": 5, "_wandb": {"runtime": 79}}