{"epochs": 5, "loss": 3.2752, "acc": 0.7513, "val_loss": 0.627, "val_acc": 0.8609, "_timestamp": 1708629033.8749275, "_runtime": 85.88445448875427, "_step": 5, "_wandb": {"runtime": 85}}