{"epochs": 5, "loss": 0.4817, "accuracy": 0.8877, "val_loss": 0.2396, "val_accuracy": 0.9447, "_timestamp": 1709233631.552353, "_runtime": 31.753448009490967, "_step": 5, "_wandb": {"runtime": 31}}