{"epochs": 5, "loss": 0.4265, "accuracy": 0.8847, "val_loss": 0.3055, "val_accuracy": 0.922, "_timestamp": 1709222783.9041536, "_runtime": 81.34267163276672, "_step": 5, "_wandb": {"runtime": 80}}