{"epochs": 5, "loss": 1.3808, "acc": 0.7653, "val_loss": 0.5794, "val_acc": 0.9381, "_timestamp": 1708555299.4296055, "_runtime": 49.404863595962524, "_step": 5, "_wandb": {"runtime": 48}}