{"epochs": 5, "loss": 0.8681, "acc": 0.9375, "val_loss": 0.5942, "val_acc": 0.9457, "_timestamp": 1708549463.07979, "_runtime": 47.46981906890869, "_step": 5, "_wandb": {"runtime": 46}}