{"epochs": 5, "loss": NaN, "accuracy": 0.9457, "val_loss": NaN, "val_accuracy": 0.9446, "_timestamp": 1709232045.0102086, "_runtime": 45.79094862937927, "_step": 5, "_wandb": {"runtime": 45}}