{"epochs": 5, "loss": 0.403, "accuracy": 0.942, "val_loss": 0.2779, "val_accuracy": 0.9454, "_timestamp": 1709216665.5577483, "_runtime": 84.16272830963135, "_step": 5, "_wandb": {"runtime": 83}}