{"epochs": 5, "loss": 6.5027, "acc": 0.2145, "val_loss": 5.5494, "val_acc": 0.0559, "_timestamp": 1708557611.2733467, "_runtime": 52.24862456321716, "_step": 5, "_wandb": {"runtime": 51}}