{"epochs": 5, "loss": 0.4571, "accuracy": 0.9425, "val_loss": 0.3116, "val_accuracy": 0.9458, "_timestamp": 1709222330.9719148, "_runtime": 84.62458276748657, "_step": 5, "_wandb": {"runtime": 84}}