{"epochs": 5, "loss": 3.054, "accuracy": 0.8443, "val_loss": 1.843, "val_accuracy": 0.9463, "_timestamp": 1708726343.0609436, "_runtime": 34.51596665382385, "_step": 5, "_wandb": {"runtime": 33}}