{"epochs": 5, "loss": 0.6013, "accuracy": 0.9442, "val_loss": 0.5422, "val_accuracy": 0.9443, "_timestamp": 1709251805.9848351, "_runtime": 63.149529218673706, "_step": 5, "_wandb": {"runtime": 62}}