{"epochs": 5, "loss": 0.4932, "acc": 0.8945, "val_loss": 0.2514, "val_acc": 0.9446, "_timestamp": 1708587167.7774336, "_runtime": 27.26006555557251, "_step": 5, "_wandb": {"runtime": 26}}