{"epochs": 5, "loss": 7.6721, "acc": 0.5183, "val_loss": 2.3202, "val_acc": 0.4897, "_timestamp": 1708582233.9796054, "_runtime": 44.00609850883484, "_step": 5, "_wandb": {"runtime": 43}}