{"epochs": 5, "loss": 2.0759, "acc": 0.9055, "val_loss": 1.7729, "val_acc": 0.9453, "_timestamp": 1708552721.7470953, "_runtime": 47.85517239570618, "_step": 5, "_wandb": {"runtime": 47}}