{"epochs": 5, "loss": 0.9994, "accuracy": 0.7663, "val_loss": 0.4014, "val_accuracy": 0.9447, "_timestamp": 1708724498.4854105, "_runtime": 39.089173555374146, "_step": 5, "_wandb": {"runtime": 34}}