{"epochs": 5, "loss": 3.5168, "accuracy": 0.7513, "val_loss": 0.6585, "val_accuracy": 0.9451, "_timestamp": 1709233087.6398659, "_runtime": 82.88381576538086, "_step": 5, "_wandb": {"runtime": 81}}