{"epochs": 5, "loss": 2.8841, "accuracy": 0.6264, "val_loss": 0.8518, "val_accuracy": 0.7452, "_timestamp": 1709230861.1691308, "_runtime": 32.35479283332825, "_step": 5, "_wandb": {"runtime": 31}}