{"epochs": 5, "loss": 0.703, "accuracy": 0.8705, "val_loss": 0.2478, "val_accuracy": 0.9432, "_timestamp": 1709228931.8158865, "_runtime": 49.4997775554657, "_step": 5, "_wandb": {"runtime": 48}}