{"epochs": 5, "loss": 0.6545, "acc": 0.857, "val_loss": 0.4002, "val_acc": 0.9059, "_timestamp": 1708543805.0249445, "_runtime": 48.513009548187256, "_step": 5, "_wandb": {"runtime": 48}}