{"epochs": 5, "loss": 3.4182, "accuracy": 0.6629, "val_loss": 1.0005, "val_accuracy": 0.8499, "_timestamp": 1709235164.473474, "_runtime": 51.82518410682678, "_step": 5, "_wandb": {"runtime": 51}}