{"epochs": 5, "loss": 3.107, "accuracy": 0.5287, "val_loss": 0.9721, "val_accuracy": 0.7658, "_timestamp": 1709225720.0579696, "_runtime": 44.124218463897705, "_step": 5, "_wandb": {"runtime": 43}}