{"epochs": 5, "loss": 0.9928, "acc": 0.8875, "val_loss": 0.659, "val_acc": 0.9457, "_timestamp": 1708557173.524276, "_runtime": 48.40540313720703, "_step": 5, "_wandb": {"runtime": 47}}