{"epochs": 5, "loss": 0.6525, "accuracy": 0.9193, "val_loss": 0.4515, "val_accuracy": 0.9424, "_timestamp": 1709224530.7710872, "_runtime": 43.022836208343506, "_step": 5, "_wandb": {"runtime": 42}}