{"epochs": 5, "loss": 0.5575, "acc": 0.8946, "val_loss": 0.3516, "val_acc": 0.9463, "_timestamp": 1708581962.8392239, "_runtime": 44.37556576728821, "_step": 5, "_wandb": {"runtime": 43}}