{"epochs": 5, "loss": 10.3529, "accuracy": 0.1796, "val_loss": 8.1907, "val_accuracy": 0.0549, "_timestamp": 1709236923.0197906, "_runtime": 35.652716636657715, "_step": 5, "_wandb": {"runtime": 35}}