{"epochs": 5, "loss": 0.4134, "acc": 0.9452, "val_loss": 0.2867, "val_acc": 0.9458, "_timestamp": 1708557670.939301, "_runtime": 48.4749550819397, "_step": 5, "_wandb": {"runtime": 47}}