{"epochs": 5, "loss": 0.3359, "accuracy": 0.935, "val_loss": 0.2229, "val_accuracy": 0.9453, "_timestamp": 1709237612.8157055, "_runtime": 100.9811794757843, "_step": 5, "_wandb": {"runtime": 100}}