{"epochs": 5, "loss": 0.4891, "acc": 0.9348, "val_loss": 0.489, "val_acc": 0.946, "_timestamp": 1708590180.086091, "_runtime": 25.92851996421814, "_step": 5, "_wandb": {"runtime": 25}}