{"epochs": 5, "loss": 2.5927, "acc": 0.7687, "val_loss": 0.6866, "val_acc": 0.9438, "_timestamp": 1708581272.3603928, "_runtime": 42.603415727615356, "_step": 5, "_wandb": {"runtime": 42}}