{"epochs": 5, "loss": 0.9185, "accuracy": 0.8719, "val_loss": 0.553, "val_accuracy": 0.9457, "_timestamp": 1709250330.266689, "_runtime": 88.2265510559082, "_step": 5, "_wandb": {"runtime": 87}}