{"epochs": 5, "loss": 0.6634, "acc": 0.9441, "val_loss": 0.5513, "val_acc": 0.9467, "_timestamp": 1708553068.2457623, "_runtime": 48.41095232963562, "_step": 5, "_wandb": {"runtime": 47}}