{"epochs": 5, "loss": 0.8074, "acc": 0.8308, "val_loss": 0.5642, "val_acc": 0.9459, "_timestamp": 1708580905.839626, "_runtime": 44.150405168533325, "_step": 5, "_wandb": {"runtime": 43}}