{"epochs": 5, "loss": 2.3152, "acc": 0.7085, "val_loss": 0.5545, "val_acc": 0.9406, "_timestamp": 1708555539.4303632, "_runtime": 49.697181224823, "_step": 5, "_wandb": {"runtime": 49}}