{"epochs": 5, "loss": 0.4285, "acc": 0.9388, "val_loss": 0.3471, "val_acc": 0.9471, "_timestamp": 1708556406.6445224, "_runtime": 50.510472536087036, "_step": 5, "_wandb": {"runtime": 50}}