{"epochs": 5, "loss": 1.7225, "acc": 0.8862, "val_loss": 1.2094, "val_acc": 0.9445, "_timestamp": 1708582013.8473158, "_runtime": 42.8433518409729, "_step": 5, "_wandb": {"runtime": 42}}