{"epochs": 5, "loss": 0.2839, "acc": 0.9432, "val_loss": 0.2355, "val_acc": 0.9458, "_timestamp": 1708593719.2819874, "_runtime": 86.03102350234985, "_step": 5, "_wandb": {"runtime": 85}}