{"epochs": 5, "loss": 1.4582, "acc": 0.6558, "val_loss": 1.1366, "val_acc": 0.5495, "_timestamp": 1708560076.912878, "_runtime": 58.09777092933655, "_step": 5, "_wandb": {"runtime": 57}}