{"epochs": 5, "loss": 2.032, "acc": 0.7473, "val_loss": 0.6884, "val_acc": 0.921, "_timestamp": 1708544100.1167881, "_runtime": 47.65017223358154, "_step": 5, "_wandb": {"runtime": 47}}