{"epochs": 5, "loss": 0.6683, "accuracy": 0.9454, "val_loss": 0.5002, "val_accuracy": 0.9455, "_timestamp": 1708631878.2182791, "_runtime": 87.4119062423706, "_step": 5, "_wandb": {"runtime": 86}}