{"epochs": 5, "loss": 0.5504, "acc": 0.9325, "val_loss": 0.3488, "val_acc": 0.9456, "_timestamp": 1708543923.7271686, "_runtime": 47.29188251495361, "_step": 5, "_wandb": {"runtime": 46}}