{"epochs": 5, "loss": 0.7113, "accuracy": 0.8129, "val_loss": 0.333, "val_accuracy": 0.9411, "_timestamp": 1709234257.8338985, "_runtime": 54.71410846710205, "_step": 5, "_wandb": {"runtime": 54}}