{"epochs": 5, "loss": 1.5264, "acc": 0.7835, "val_loss": 0.6325, "val_acc": 0.9375, "_timestamp": 1708552057.212938, "_runtime": 51.2657630443573, "_step": 5, "_wandb": {"runtime": 50}}