{"epochs": 5, "loss": 0.7376, "accuracy": 0.9034, "val_loss": 0.5018, "val_accuracy": 0.9438, "_timestamp": 1709225341.9305468, "_runtime": 44.25566482543945, "_step": 5, "_wandb": {"runtime": 43}}