{"epochs": 5, "loss": 7.0539, "acc": 0.1863, "val_loss": 4.3527, "val_acc": 0.1004, "_timestamp": 1708549638.960834, "_runtime": 50.830480098724365, "_step": 5, "_wandb": {"runtime": 46}}