{"epochs": 5, "loss": 0.3616, "accuracy": 0.938, "val_loss": 0.2702, "val_accuracy": 0.9461, "_timestamp": 1708726764.3311198, "_runtime": 36.316547870635986, "_step": 5, "_wandb": {"runtime": 35}}