{"epochs": 5, "loss": 0.4967, "acc": 0.839, "val_loss": 0.2408, "val_acc": 0.9374, "_timestamp": 1708545032.702556, "_runtime": 48.579227924346924, "_step": 5, "_wandb": {"runtime": 48}}