{"epochs": 5, "loss": 25.7094, "accuracy": 0.159, "val_loss": 23.9792, "val_accuracy": 0.055, "_timestamp": 1709248597.6818438, "_runtime": 85.30097365379333, "_step": 5, "_wandb": {"runtime": 84}}