{"epochs": 5, "loss": 0.3895, "acc": 0.9361, "val_loss": 0.2637, "val_acc": 0.9458, "_timestamp": 1708586749.332161, "_runtime": 51.986424922943115, "_step": 5, "_wandb": {"runtime": 50}}