{"epochs": 5, "loss": 0.3911, "acc": 0.9157, "val_loss": 0.2763, "val_acc": 0.9447, "_timestamp": 1708544916.1206713, "_runtime": 47.58342218399048, "_step": 5, "_wandb": {"runtime": 47}}