{"epochs": 5, "loss": 0.2941, "acc": 0.9437, "val_loss": 0.2346, "val_acc": 0.9462, "_timestamp": 1708592823.1275985, "_runtime": 81.69607853889465, "_step": 5, "_wandb": {"runtime": 81}}