{"epochs": 5, "loss": 0.401, "accuracy": 0.9309, "val_loss": 0.2329, "val_accuracy": 0.945, "_timestamp": 1708725788.0380025, "_runtime": 20.30907440185547, "_step": 5, "_wandb": {"runtime": 19}}