{"epochs": 5, "loss": 2.7694, "accuracy": 0.9417, "val_loss": 2.6261, "val_accuracy": 0.9447, "_timestamp": 1709213520.1503806, "_runtime": 86.27773356437683, "_step": 5, "_wandb": {"runtime": 85}}