{"epochs": 5, "loss": 3.9438, "acc": 0.7122, "val_loss": 0.6925, "val_acc": 0.9417, "_timestamp": 1708559059.4571218, "_runtime": 52.09124493598938, "_step": 5, "_wandb": {"runtime": 51}}