{"epochs": 5, "loss": 1.1738, "acc": 0.915, "val_loss": 0.9981, "val_acc": 0.9459, "_timestamp": 1708542026.874308, "_runtime": 46.60865616798401, "_step": 5, "_wandb": {"runtime": 46}}