{"epochs": 5, "loss": 0.8077, "accuracy": 0.8021, "val_loss": 0.689, "val_accuracy": 0.8926, "_timestamp": 1709238968.9544141, "_runtime": 31.70577907562256, "_step": 5, "_wandb": {"runtime": 31}}