{"epochs": 5, "loss": 0.3614, "accuracy": 0.8004, "val_loss": 0.263, "val_accuracy": 0.9459, "_timestamp": 1709238561.6432648, "_runtime": 29.2276508808136, "_step": 5, "_wandb": {"runtime": 27}}