{"epochs": 5, "loss": 0.4785, "accuracy": 0.7676, "val_loss": 0.2592, "val_accuracy": 0.9444, "_timestamp": 1708727326.858398, "_runtime": 21.207798957824707, "_step": 5, "_wandb": {"runtime": 20}}