{"epochs": 5, "loss": 0.2934, "acc": 0.945, "val_loss": 0.2518, "val_acc": 0.9449, "_timestamp": 1708595913.3032908, "_runtime": 88.96535277366638, "_step": 5, "_wandb": {"runtime": 87}}