{"epochs": 5, "loss": 0.3851, "accuracy": 0.943, "val_loss": 0.2364, "val_accuracy": 0.9455, "_timestamp": 1708722333.8391345, "_runtime": 78.33560252189636, "_step": 5, "_wandb": {"runtime": 77}}