{"epochs": 5, "loss": 0.7011, "accuracy": 0.8796, "val_loss": 0.5222, "val_accuracy": 0.9459, "_timestamp": 1708725957.8830864, "_runtime": 33.23959946632385, "_step": 5, "_wandb": {"runtime": 32}}