{"epochs": 5, "loss": 4.5649, "accuracy": 0.312, "val_loss": 4.2116, "val_accuracy": 0.0753, "_timestamp": 1708629861.6230505, "_runtime": 89.69220042228699, "_step": 5, "_wandb": {"runtime": 89}}