{"epochs": 5, "loss": 0.7934, "accuracy": 0.9285, "val_loss": 0.6846, "val_accuracy": 0.9458, "_timestamp": 1708631676.697078, "_runtime": 88.37359690666199, "_step": 5, "_wandb": {"runtime": 87}}