{"epochs": 5, "loss": 2.8704, "acc": 0.8325, "val_loss": 1.6168, "val_acc": 0.9458, "_timestamp": 1708552780.21405, "_runtime": 48.11892104148865, "_step": 5, "_wandb": {"runtime": 47}}