{"epochs": 5, "loss": 0.2876, "acc": 0.9406, "val_loss": 0.2264, "val_acc": 0.9455, "_timestamp": 1708591254.8501365, "_runtime": 43.21082949638367, "_step": 5, "_wandb": {"runtime": 42}}