{"epochs": 5, "loss": 1.6398, "accuracy": 0.9247, "val_loss": 1.5213, "val_accuracy": 0.9449, "_timestamp": 1708721692.2923872, "_runtime": 77.95241618156433, "_step": 5, "_wandb": {"runtime": 77}}