{"epochs": 5, "loss": 1.4778, "accuracy": 0.7664, "val_loss": 0.2967, "val_accuracy": 0.9324, "_timestamp": 1709230651.4531214, "_runtime": 30.653472423553467, "_step": 5, "_wandb": {"runtime": 30}}