{"epochs": 5, "loss": 1.1825, "accuracy": 0.7271, "val_loss": 0.4264, "val_accuracy": 0.9456, "_timestamp": 1708719821.522979, "_runtime": 79.2669129371643, "_step": 5, "_wandb": {"runtime": 78}}