{"epochs": 5, "loss": 1.1986, "accuracy": 0.9427, "val_loss": 1.0661, "val_accuracy": 0.9463, "_timestamp": 1709218084.6810415, "_runtime": 88.44362545013428, "_step": 5, "_wandb": {"runtime": 87}}