{"epochs": 5, "loss": 1.1775, "accuracy": 0.7424, "val_loss": 0.3513, "val_accuracy": 0.9122, "_timestamp": 1708724948.687066, "_runtime": 20.202884197235107, "_step": 5, "_wandb": {"runtime": 19}}