{"epochs": 5, "loss": 0.2753, "acc": 0.9449, "val_loss": 0.2153, "val_acc": 0.9467, "_timestamp": 1708593819.036489, "_runtime": 85.83395791053772, "_step": 5, "_wandb": {"runtime": 85}}