{"epochs": 5, "loss": 0.763, "acc": 0.9012, "val_loss": 0.6056, "val_acc": 0.9442, "_timestamp": 1708547187.9206412, "_runtime": 46.42301821708679, "_step": 5, "_wandb": {"runtime": 45}}