{"epochs": 5, "loss": 4.0308, "accuracy": 0.5606, "val_loss": 0.9109, "val_accuracy": 0.7129, "_timestamp": 1709249109.445603, "_runtime": 93.47867679595947, "_step": 5, "_wandb": {"runtime": 92}}