{"epochs": 5, "loss": 1.0343, "accuracy": 0.8114, "val_loss": 0.6269, "val_accuracy": 0.8609, "_timestamp": 1709213905.51095, "_runtime": 84.56648015975952, "_step": 5, "_wandb": {"runtime": 83}}