{"epochs": 5, "loss": 2.0915, "acc": 0.4026, "val_loss": 1.4534, "val_acc": 0.2675, "_timestamp": 1708629334.626559, "_runtime": 90.69297504425049, "_step": 5, "_wandb": {"runtime": 90}}