{"epochs": 5, "loss": 0.483, "accuracy": 0.9388, "val_loss": 0.2999, "val_accuracy": 0.9431, "_timestamp": 1708727355.8361075, "_runtime": 21.190824508666992, "_step": 5, "_wandb": {"runtime": 20}}