{"epochs": 5, "loss": 0.2808, "acc": 0.9422, "val_loss": 0.2442, "val_acc": 0.9455, "_timestamp": 1708594841.8785033, "_runtime": 87.34859538078308, "_step": 5, "_wandb": {"runtime": 86}}