{"epochs": 5, "loss": 0.3581, "accuracy": 0.931, "val_loss": 0.2483, "val_accuracy": 0.9457, "_timestamp": 1709240090.700037, "_runtime": 98.09130191802979, "_step": 5, "_wandb": {"runtime": 94}}