{"epochs": 5, "loss": 3.5164, "acc": 0.79, "val_loss": 1.7778, "val_acc": 0.9458, "_timestamp": 1708554875.0252862, "_runtime": 48.32206726074219, "_step": 5, "_wandb": {"runtime": 47}}