{"epochs": 5, "loss": 0.9956, "accuracy": 0.9063, "val_loss": 0.7402, "val_accuracy": 0.9458, "_timestamp": 1709231508.3105311, "_runtime": 81.29248309135437, "_step": 5, "_wandb": {"runtime": 80}}