{"epochs": 4, "loss": 1.487, "accuracy": 0.7419, "val_loss": 0.7203, "val_accuracy": 0.8858, "_timestamp": 1708635000.961809, "_runtime": 16.99603796005249, "_step": 4, "_wandb": {"runtime": 16}}