{"epochs": 5, "loss": 2.9218, "accuracy": 0.693, "val_loss": 0.4746, "val_accuracy": 0.9424, "_timestamp": 1709223702.1064909, "_runtime": 45.25729990005493, "_step": 5, "_wandb": {"runtime": 44}}