{"epochs": 5, "loss": 1.5265, "acc": 0.9383, "val_loss": 1.3792, "val_acc": 0.9441, "_timestamp": 1708542735.1284475, "_runtime": 42.1203875541687, "_step": 5, "_wandb": {"runtime": 41}}