{"epochs": 5, "loss": 1.6189, "acc": 0.8145, "val_loss": 0.6052, "val_acc": 0.9406, "_timestamp": 1708590268.6268895, "_runtime": 44.79008150100708, "_step": 5, "_wandb": {"runtime": 44}}