{"epochs": 5, "loss": 0.5679, "acc": 0.893, "val_loss": 0.2781, "val_acc": 0.9407, "_timestamp": 1708563265.2715049, "_runtime": 54.028148889541626, "_step": 5, "_wandb": {"runtime": 53}}