{"epochs": 5, "loss": 0.8927, "accuracy": 0.9449, "val_loss": 0.7287, "val_accuracy": 0.9451, "_timestamp": 1708721604.9689152, "_runtime": 78.99930024147034, "_step": 5, "_wandb": {"runtime": 78}}