{"epochs": 5, "loss": 1.1372, "accuracy": 0.9014, "val_loss": 0.8699, "val_accuracy": 0.9459, "_timestamp": 1709219815.6494396, "_runtime": 86.40867853164673, "_step": 5, "_wandb": {"runtime": 85}}