{"epochs": 5, "loss": 0.5481, "accuracy": 0.9403, "val_loss": 0.4177, "val_accuracy": 0.9456, "_timestamp": 1708726108.6722295, "_runtime": 34.54370450973511, "_step": 5, "_wandb": {"runtime": 34}}