{"epochs": 5, "loss": 0.5351, "accuracy": 0.931, "val_loss": 0.3556, "val_accuracy": 0.9445, "_timestamp": 1709229196.425778, "_runtime": 45.902835845947266, "_step": 5, "_wandb": {"runtime": 45}}