{"epochs": 5, "loss": 3.8663, "accuracy": 0.217, "val_loss": 3.1487, "val_accuracy": 0.0541, "_timestamp": 1709226044.1980648, "_runtime": 46.76949071884155, "_step": 5, "_wandb": {"runtime": 46}}