{"epochs": 5, "loss": 0.9629, "acc": 0.7398, "val_loss": 0.2992, "val_acc": 0.9435, "_timestamp": 1708554622.8315275, "_runtime": 48.9027214050293, "_step": 5, "_wandb": {"runtime": 48}}