{"epochs": 5, "loss": 0.4393, "accuracy": 0.9378, "val_loss": 0.3102, "val_accuracy": 0.9451, "_timestamp": 1709234741.3388846, "_runtime": 92.35626149177551, "_step": 5, "_wandb": {"runtime": 91}}