{"epochs": 5, "loss": 1.4902, "acc": 0.9457, "val_loss": 1.3557, "val_acc": 0.9445, "_timestamp": 1708589674.2247276, "_runtime": 80.3555805683136, "_step": 5, "_wandb": {"runtime": 79}}