{"epochs": 5, "loss": 25.1541, "acc": 0.2119, "val_loss": 22.8628, "val_acc": 0.0542, "_timestamp": 1708553674.7092676, "_runtime": 52.24249053001404, "_step": 5, "_wandb": {"runtime": 51}}