{"epochs": 5, "loss": 7.0028, "acc": 0.2213, "val_loss": 4.9357, "val_acc": 0.0598, "_timestamp": 1708551745.45353, "_runtime": 46.88500118255615, "_step": 5, "_wandb": {"runtime": 46}}