{"epochs": 5, "loss": 1.8271, "acc": 0.7151, "val_loss": 0.6919, "val_acc": 0.9058, "_timestamp": 1708553740.008863, "_runtime": 48.8433780670166, "_step": 5, "_wandb": {"runtime": 48}}