{"epochs": 5, "loss": 3.4741, "accuracy": 0.5379, "val_loss": 1.3431, "val_accuracy": 0.6524, "_timestamp": 1708724007.8604095, "_runtime": 21.15066146850586, "_step": 5, "_wandb": {"runtime": 20}}