{"epochs": 5, "loss": 0.4699, "accuracy": 0.9291, "val_loss": 0.3069, "val_accuracy": 0.9452, "_timestamp": 1709220775.9452746, "_runtime": 84.30909967422485, "_step": 5, "_wandb": {"runtime": 83}}