{"epochs": 5, "loss": 2.5107, "acc": 0.8431, "val_loss": 1.1681, "val_acc": 0.9464, "_timestamp": 1708553857.6130543, "_runtime": 49.64889931678772, "_step": 5, "_wandb": {"runtime": 49}}