{"epochs": 5, "loss": 0.504, "accuracy": 0.8796, "val_loss": 0.2372, "val_accuracy": 0.9458, "_timestamp": 1708633954.8296728, "_runtime": 80.85171890258789, "_step": 5, "_wandb": {"runtime": 80}}