{"epochs": 5, "loss": 0.4448, "accuracy": 0.9454, "val_loss": 0.3709, "val_accuracy": 0.9455, "_timestamp": 1709227281.662038, "_runtime": 44.62120699882507, "_step": 5, "_wandb": {"runtime": 44}}