{"epochs": 5, "loss": 0.3452, "acc": 0.943, "val_loss": 0.2423, "val_acc": 0.9448, "_timestamp": 1708598263.286906, "_runtime": 90.03614902496338, "_step": 5, "_wandb": {"runtime": 88}}