{"epochs": 5, "loss": 1.104, "acc": 0.8724, "val_loss": 0.7101, "val_acc": 0.9468, "_timestamp": 1708549694.21661, "_runtime": 46.61749792098999, "_step": 5, "_wandb": {"runtime": 46}}