{"epochs": 5, "loss": 0.2701, "acc": 0.9419, "val_loss": 0.2184, "val_acc": 0.945, "_timestamp": 1708597401.852116, "_runtime": 91.94445705413818, "_step": 5, "_wandb": {"runtime": 91}}