{"epochs": 5, "loss": 0.9634, "acc": 0.8599, "val_loss": 0.5756, "val_acc": 0.9445, "_timestamp": 1708565090.9195921, "_runtime": 55.22241711616516, "_step": 5, "_wandb": {"runtime": 54}}