{"epochs": 5, "loss": 0.6945, "accuracy": 0.916, "val_loss": 0.5069, "val_accuracy": 0.9466, "_timestamp": 1709231901.9814024, "_runtime": 43.955790281295776, "_step": 5, "_wandb": {"runtime": 43}}