{"epochs": 5, "loss": 0.3442, "acc": 0.9459, "val_loss": 0.2629, "val_acc": 0.944, "_timestamp": 1708596924.2956254, "_runtime": 103.11724638938904, "_step": 5, "_wandb": {"runtime": 102}}