{"epochs": 5, "loss": 0.7518, "accuracy": 0.9172, "val_loss": 0.6787, "val_accuracy": 0.9451, "_timestamp": 1709233528.3052113, "_runtime": 27.620824337005615, "_step": 5, "_wandb": {"runtime": 27}}