{"epochs": 5, "loss": 0.8622, "acc": 0.8344, "val_loss": 0.5501, "val_acc": 0.9469, "_timestamp": 1708587223.9392536, "_runtime": 47.34045362472534, "_step": 5, "_wandb": {"runtime": 46}}