{"epochs": 5, "loss": 0.465, "acc": 0.8736, "val_loss": 0.2926, "val_acc": 0.9438, "_timestamp": 1708548149.9961805, "_runtime": 46.58773946762085, "_step": 5, "_wandb": {"runtime": 46}}