{"epochs": 5, "loss": 1.7912, "accuracy": 0.9167, "val_loss": 1.585, "val_accuracy": 0.9466, "_timestamp": 1708724807.6268325, "_runtime": 34.78538751602173, "_step": 5, "_wandb": {"runtime": 34}}