{"epochs": 5, "loss": 0.9617, "accuracy": 0.8791, "val_loss": 0.4207, "val_accuracy": 0.9392, "_timestamp": 1709221156.4873328, "_runtime": 85.69717478752136, "_step": 5, "_wandb": {"runtime": 85}}