{"epochs": 5, "loss": 1.7792, "accuracy": 0.7404, "val_loss": 0.5946, "val_accuracy": 0.9404, "_timestamp": 1709240279.8285928, "_runtime": 34.97704768180847, "_step": 5, "_wandb": {"runtime": 34}}