{"epochs": 5, "loss": 1.5112, "accuracy": 0.9401, "val_loss": 1.4224, "val_accuracy": 0.9454, "_timestamp": 1708726892.9455116, "_runtime": 34.12717962265015, "_step": 5, "_wandb": {"runtime": 33}}