{"epochs": 5, "loss": 3.1411, "acc": 0.7479, "val_loss": 0.8164, "val_acc": 0.9055, "_timestamp": 1708554371.3417706, "_runtime": 52.547730684280396, "_step": 5, "_wandb": {"runtime": 51}}