{"epochs": 5, "loss": 1.2888, "accuracy": 0.8263, "val_loss": 0.4893, "val_accuracy": 0.9456, "_timestamp": 1708727114.0798633, "_runtime": 33.36792039871216, "_step": 5, "_wandb": {"runtime": 32}}