{"epochs": 5, "loss": 0.4663, "accuracy": 0.9087, "val_loss": 0.2701, "val_accuracy": 0.9436, "_timestamp": 1709239273.3442633, "_runtime": 48.01776123046875, "_step": 5, "_wandb": {"runtime": 47}}