{"epochs": 5, "loss": 2.5276, "acc": 0.6192, "val_loss": 0.506, "val_acc": 0.9349, "_timestamp": 1708562673.5927153, "_runtime": 49.77636933326721, "_step": 5, "_wandb": {"runtime": 49}}