{"epochs": 5, "loss": 0.6132, "acc": 0.8827, "val_loss": 0.2998, "val_acc": 0.9458, "_timestamp": 1708581587.7761717, "_runtime": 43.66310262680054, "_step": 5, "_wandb": {"runtime": 43}}