{"epochs": 5, "loss": 7.5311, "accuracy": 0.0858, "val_loss": 4.7737, "val_accuracy": 0.0549, "_timestamp": 1709236308.0806074, "_runtime": 29.020374298095703, "_step": 5, "_wandb": {"runtime": 28}}