{"epochs": 5, "loss": 0.2699, "acc": 0.942, "val_loss": 0.2183, "val_acc": 0.9463, "_timestamp": 1708597702.3081043, "_runtime": 88.72566723823547, "_step": 5, "_wandb": {"runtime": 88}}