{"epochs": 5, "loss": 0.484, "accuracy": 0.8901, "val_loss": 0.3183, "val_accuracy": 0.9451, "_timestamp": 1709231568.5381417, "_runtime": 51.55014681816101, "_step": 5, "_wandb": {"runtime": 51}}