{"epochs": 5, "loss": 0.297, "acc": 0.9428, "val_loss": 0.2316, "val_acc": 0.9458, "_timestamp": 1708591897.9303844, "_runtime": 80.29982542991638, "_step": 5, "_wandb": {"runtime": 79}}