{"epochs": 5, "loss": 0.9427, "acc": 0.9415, "val_loss": 0.7955, "val_acc": 0.9473, "_timestamp": 1708544570.6942515, "_runtime": 46.86945962905884, "_step": 5, "_wandb": {"runtime": 46}}