{"epochs": 5, "loss": 0.3232, "accuracy": 0.9407, "val_loss": 0.2327, "val_accuracy": 0.9452, "_timestamp": 1709246912.622264, "_runtime": 47.60753798484802, "_step": 5, "_wandb": {"runtime": 46}}