{"epochs": 5, "loss": 16.0673, "accuracy": 0.0797, "val_loss": 12.7045, "val_accuracy": 0.0559, "_timestamp": 1709224638.2780879, "_runtime": 45.98424291610718, "_step": 5, "_wandb": {"runtime": 45}}