{"epochs": 5, "loss": 0.6875, "accuracy": 0.8895, "val_loss": 0.4225, "val_accuracy": 0.9324, "_timestamp": 1708725867.267785, "_runtime": 20.469733953475952, "_step": 5, "_wandb": {"runtime": 19}}