{"epochs": 5, "loss": 0.9718, "acc": 0.8627, "val_loss": 0.4778, "val_acc": 0.9429, "_timestamp": 1708557035.9596643, "_runtime": 48.8210883140564, "_step": 5, "_wandb": {"runtime": 48}}