{"epochs": 5, "loss": 1.8735, "acc": 0.829, "val_loss": 0.8258, "val_acc": 0.9449, "_timestamp": 1708588121.3900278, "_runtime": 88.41234278678894, "_step": 5, "_wandb": {"runtime": 87}}