{"epochs": 5, "loss": 2.0343, "acc": 0.826, "val_loss": 1.4797, "val_acc": 0.9449, "_timestamp": 1708544510.3955305, "_runtime": 46.608309507369995, "_step": 5, "_wandb": {"runtime": 46}}