{"epochs": 5, "loss": 2.2875, "accuracy": 0.4981, "val_loss": 0.836, "val_accuracy": 0.5051, "_timestamp": 1709239395.988451, "_runtime": 34.63000988960266, "_step": 5, "_wandb": {"runtime": 34}}