{"epochs": 5, "loss": 9.0829, "acc": 0.4447, "val_loss": 5.7309, "val_acc": 0.3285, "_timestamp": 1708564067.3251789, "_runtime": 61.29022693634033, "_step": 5, "_wandb": {"runtime": 60}}