{"epochs": 5, "loss": 0.3709, "acc": 0.9382, "val_loss": 0.2482, "val_acc": 0.9461, "_timestamp": 1708550051.8652265, "_runtime": 47.239174604415894, "_step": 5, "_wandb": {"runtime": 46}}