{"epochs": 5, "loss": 1.7024, "acc": 0.9206, "val_loss": 1.6164, "val_acc": 0.9443, "_timestamp": 1708564760.9703836, "_runtime": 54.40031456947327, "_step": 5, "_wandb": {"runtime": 53}}