{"epochs": 5, "loss": NaN, "accuracy": 0.9454, "val_loss": NaN, "val_accuracy": 0.9454, "_timestamp": 1709251273.8428097, "_runtime": 42.35284972190857, "_step": 5, "_wandb": {"runtime": 41}}