{"epochs": 5, "loss": 1.0767, "accuracy": 0.9253, "val_loss": 0.8112, "val_accuracy": 0.946, "_timestamp": 1709227051.6706455, "_runtime": 49.06919836997986, "_step": 5, "_wandb": {"runtime": 43}}