{"epochs": 5, "loss": 3.303, "acc": 0.5263, "val_loss": 1.4891, "val_acc": 0.6537, "_timestamp": 1708545866.2821896, "_runtime": 47.93637752532959, "_step": 5, "_wandb": {"runtime": 46}}