{"epochs": 5, "loss": 0.6118, "accuracy": 0.9442, "val_loss": 0.4407, "val_accuracy": 0.9451, "_timestamp": 1709223426.270973, "_runtime": 80.23166489601135, "_step": 5, "_wandb": {"runtime": 79}}