{"epochs": 5, "loss": 0.8262, "accuracy": 0.939, "val_loss": 0.6817, "val_accuracy": 0.9458, "_timestamp": 1709251726.3604956, "_runtime": 43.8412024974823, "_step": 5, "_wandb": {"runtime": 43}}