{"epochs": 5, "loss": 0.9172, "acc": 0.8658, "val_loss": 0.5962, "val_acc": 0.9453, "_timestamp": 1708588552.1516783, "_runtime": 87.58007335662842, "_step": 5, "_wandb": {"runtime": 87}}