{"epochs": 5, "loss": 0.4021, "acc": 0.9389, "val_loss": 0.2651, "val_acc": 0.9461, "_timestamp": 1708596515.2025971, "_runtime": 87.5895311832428, "_step": 5, "_wandb": {"runtime": 87}}