{"epochs": 5, "loss": 13.2772, "acc": 0.3492, "val_loss": 10.616, "val_acc": 0.0566, "_timestamp": 1708545504.9350557, "_runtime": 47.78073477745056, "_step": 5, "_wandb": {"runtime": 47}}