{"epochs": 5, "loss": 0.3016, "accuracy": 0.9445, "val_loss": 0.2315, "val_accuracy": 0.945, "_timestamp": 1709236058.9006667, "_runtime": 31.607678651809692, "_step": 5, "_wandb": {"runtime": 31}}