{"epochs": 5, "loss": 0.5249, "acc": 0.9237, "val_loss": 0.2961, "val_acc": 0.9464, "_timestamp": 1708545089.7557323, "_runtime": 48.282687187194824, "_step": 5, "_wandb": {"runtime": 47}}