{"epochs": 5, "loss": 0.7941, "accuracy": 0.7731, "val_loss": 0.6729, "val_accuracy": 0.9082, "_timestamp": 1709235236.1722655, "_runtime": 60.16238451004028, "_step": 5, "_wandb": {"runtime": 59}}