{"epochs": 5, "loss": 2.642, "acc": 0.8087, "val_loss": 0.8983, "val_acc": 0.9366, "_timestamp": 1708560521.1808414, "_runtime": 48.97865533828735, "_step": 5, "_wandb": {"runtime": 48}}