{"epochs": 5, "loss": 0.4759, "acc": 0.9307, "val_loss": 0.2994, "val_acc": 0.9439, "_timestamp": 1708590610.759572, "_runtime": 79.28361105918884, "_step": 5, "_wandb": {"runtime": 78}}