{"epochs": 5, "loss": 1.5639, "acc": 0.6461, "val_loss": 0.772, "val_acc": 0.872, "_timestamp": 1708565354.7326446, "_runtime": 62.034138441085815, "_step": 5, "_wandb": {"runtime": 61}}