{"epochs": 5, "loss": 0.3923, "acc": 0.9418, "val_loss": 0.3079, "val_acc": 0.9455, "_timestamp": 1708586892.0047545, "_runtime": 26.91987442970276, "_step": 5, "_wandb": {"runtime": 26}}