{"epochs": 5, "loss": 0.5593, "accuracy": 0.9421, "val_loss": 0.4853, "val_accuracy": 0.9432, "_timestamp": 1708726570.2982392, "_runtime": 20.85608220100403, "_step": 5, "_wandb": {"runtime": 20}}