{"epochs": 5, "loss": 0.6137, "accuracy": 0.9378, "val_loss": 0.3542, "val_accuracy": 0.9454, "_timestamp": 1709251916.6040394, "_runtime": 97.4832444190979, "_step": 5, "_wandb": {"runtime": 96}}