{"epochs": 5, "loss": 1.2021, "accuracy": 0.9452, "val_loss": 1.0286, "val_accuracy": 0.9455, "_timestamp": 1709244718.665449, "_runtime": 85.96107387542725, "_step": 5, "_wandb": {"runtime": 85}}