{"epochs": 5, "loss": 1.3403, "acc": 0.8119, "val_loss": 0.3449, "val_acc": 0.9444, "_timestamp": 1708549520.1883826, "_runtime": 46.985673666000366, "_step": 5, "_wandb": {"runtime": 46}}