{"epochs": 5, "loss": 0.384, "acc": 0.9373, "val_loss": 0.2803, "val_acc": 0.9462, "_timestamp": 1708588216.5632062, "_runtime": 26.99042510986328, "_step": 5, "_wandb": {"runtime": 26}}