{"epochs": 5, "loss": 0.6642, "accuracy": 0.9295, "val_loss": 0.5014, "val_accuracy": 0.9449, "_timestamp": 1708726497.2380166, "_runtime": 20.910939693450928, "_step": 5, "_wandb": {"runtime": 20}}