{"epochs": 5, "loss": 1.3813, "acc": 0.7734, "val_loss": 0.4328, "val_acc": 0.9052, "_timestamp": 1708561703.3282297, "_runtime": 49.22342658042908, "_step": 5, "_wandb": {"runtime": 48}}