{"epochs": 5, "loss": 1.2793, "acc": 0.9267, "val_loss": 1.1867, "val_acc": 0.9435, "_timestamp": 1708559469.0853634, "_runtime": 57.36763834953308, "_step": 5, "_wandb": {"runtime": 56}}