{"epochs": 5, "loss": 0.8589, "accuracy": 0.9216, "val_loss": 0.7103, "val_accuracy": 0.9441, "_timestamp": 1709239349.0252624, "_runtime": 30.105825424194336, "_step": 5, "_wandb": {"runtime": 29}}