{"epochs": 5, "loss": 3.7792, "acc": 0.7362, "val_loss": 0.7639, "val_acc": 0.9456, "_timestamp": 1708543445.4351542, "_runtime": 47.70628619194031, "_step": 5, "_wandb": {"runtime": 47}}