{"epochs": 5, "loss": 0.6169, "accuracy": 0.9228, "val_loss": 0.3473, "val_accuracy": 0.9449, "_timestamp": 1708724984.9353983, "_runtime": 20.314759254455566, "_step": 5, "_wandb": {"runtime": 19}}