{"epochs": 5, "loss": 0.4489, "accuracy": 0.9205, "val_loss": 0.3205, "val_accuracy": 0.9385, "_timestamp": 1709247860.5679135, "_runtime": 29.952141523361206, "_step": 5, "_wandb": {"runtime": 29}}