{"epochs": 5, "loss": 1.2695, "acc": 0.8612, "val_loss": 1.012, "val_acc": 0.9438, "_timestamp": 1708554100.7395587, "_runtime": 53.13937067985535, "_step": 5, "_wandb": {"runtime": 52}}