{"epochs": 5, "loss": 1.386, "accuracy": 0.0917, "val_loss": 0.7227, "val_accuracy": 0.0562, "_timestamp": 1708723977.9000592, "_runtime": 17.199666261672974, "_step": 5, "_wandb": {"runtime": 16}}