{"epochs": 5, "loss": 0.7358, "accuracy": 0.8545, "val_loss": 0.3885, "val_accuracy": 0.9341, "_timestamp": 1709243250.5059228, "_runtime": 82.26013088226318, "_step": 5, "_wandb": {"runtime": 81}}