{"epochs": 5, "loss": 2.5042, "accuracy": 0.9131, "val_loss": 2.3238, "val_accuracy": 0.9453, "_timestamp": 1708720354.9993148, "_runtime": 79.78429388999939, "_step": 5, "_wandb": {"runtime": 79}}