{"epochs": 5, "loss": NaN, "accuracy": 0.9454, "val_loss": NaN, "val_accuracy": 0.9453, "_timestamp": 1709239977.338044, "_runtime": 98.75087404251099, "_step": 5, "_wandb": {"runtime": 98}}