{"epochs": 5, "loss": 6.8039, "acc": 0.3601, "val_loss": 4.7578, "val_acc": 0.082, "_timestamp": 1708559799.2765045, "_runtime": 51.855939626693726, "_step": 5, "_wandb": {"runtime": 51}}