{"epochs": 5, "loss": 13.2559, "accuracy": 0.393, "val_loss": 7.9681, "val_accuracy": 0.3104, "_timestamp": 1709249826.1771643, "_runtime": 48.80708837509155, "_step": 5, "_wandb": {"runtime": 48}}