{"epochs": 5, "loss": 0.4219, "accuracy": 0.8829, "val_loss": 0.2538, "val_accuracy": 0.9463, "_timestamp": 1709222513.343654, "_runtime": 79.31722402572632, "_step": 5, "_wandb": {"runtime": 78}}