{"epochs": 5, "loss": 1.9104, "accuracy": 0.8533, "val_loss": 1.2764, "val_accuracy": 0.9448, "_timestamp": 1709217610.1372344, "_runtime": 81.40430235862732, "_step": 5, "_wandb": {"runtime": 80}}