{"epochs": 5, "loss": 1.0131, "accuracy": 0.914, "val_loss": 0.7771, "val_accuracy": 0.9459, "_timestamp": 1708727158.883235, "_runtime": 36.14049291610718, "_step": 5, "_wandb": {"runtime": 35}}