{"epochs": 5, "loss": 0.528, "acc": 0.912, "val_loss": 0.3953, "val_acc": 0.9455, "_timestamp": 1708551457.1700308, "_runtime": 47.89281487464905, "_step": 5, "_wandb": {"runtime": 47}}