{"epochs": 5, "loss": 0.6767, "accuracy": 0.937, "val_loss": 0.4688, "val_accuracy": 0.945, "_timestamp": 1709242516.6214647, "_runtime": 50.97630977630615, "_step": 5, "_wandb": {"runtime": 50}}