{"epochs": 5, "loss": 7.7706, "acc": 0.3235, "val_loss": 4.4147, "val_acc": 0.2427, "_timestamp": 1708564308.8867915, "_runtime": 50.01674246788025, "_step": 5, "_wandb": {"runtime": 49}}