{"epochs": 5, "loss": 1.0191, "accuracy": 0.9119, "val_loss": 0.7782, "val_accuracy": 0.9448, "_timestamp": 1708726243.7260835, "_runtime": 34.04421353340149, "_step": 5, "_wandb": {"runtime": 33}}