{"epochs": 5, "loss": 1.2561, "accuracy": 0.9322, "val_loss": 1.148, "val_accuracy": 0.9436, "_timestamp": 1709232578.1551814, "_runtime": 81.65415143966675, "_step": 5, "_wandb": {"runtime": 81}}