{"epochs": 5, "loss": 0.3046, "accuracy": 0.9453, "val_loss": 0.2152, "val_accuracy": 0.9457, "_timestamp": 1708725221.0056384, "_runtime": 33.22902035713196, "_step": 5, "_wandb": {"runtime": 32}}