{"epochs": 5, "loss": 0.3039, "acc": 0.9428, "val_loss": 0.2121, "val_acc": 0.9459, "_timestamp": 1708595709.824058, "_runtime": 87.84921598434448, "_step": 5, "_wandb": {"runtime": 87}}