{"epochs": 5, "loss": 3.0057, "acc": 0.9265, "val_loss": 2.6897, "val_acc": 0.9453, "_timestamp": 1708558364.498636, "_runtime": 48.97732901573181, "_step": 5, "_wandb": {"runtime": 48}}