{"epochs": 5, "loss": 3.4546, "accuracy": 0.6282, "val_loss": 1.5691, "val_accuracy": 0.6747, "_timestamp": 1708632638.5342534, "_runtime": 80.98483324050903, "_step": 5, "_wandb": {"runtime": 80}}