{"epochs": 5, "loss": 1.8247, "accuracy": 0.6557, "val_loss": 0.3036, "val_accuracy": 0.9327, "_timestamp": 1709251072.18727, "_runtime": 70.56124496459961, "_step": 5, "_wandb": {"runtime": 65}}