{"epochs": 5, "loss": NaN, "accuracy": 0.9456, "val_loss": NaN, "val_accuracy": 0.9448, "_timestamp": 1709250990.26242, "_runtime": 67.18678903579712, "_step": 5, "_wandb": {"runtime": 66}}