{"epochs": 5, "loss": 0.8034, "accuracy": 0.8945, "val_loss": 0.5046, "val_accuracy": 0.9449, "_timestamp": 1709247709.9719393, "_runtime": 53.42663240432739, "_step": 5, "_wandb": {"runtime": 52}}