{"epochs": 5, "loss": 0.3189, "acc": 0.9432, "val_loss": 0.2372, "val_acc": 0.9447, "_timestamp": 1708597801.5855384, "_runtime": 90.7413923740387, "_step": 5, "_wandb": {"runtime": 90}}