{"epochs": 5, "loss": 1.7137, "accuracy": 0.8887, "val_loss": 1.3474, "val_accuracy": 0.946, "_timestamp": 1708631263.4535344, "_runtime": 89.48536825180054, "_step": 5, "_wandb": {"runtime": 88}}