{"epochs": 5, "loss": 0.8887, "acc": 0.8451, "val_loss": 0.6149, "val_acc": 0.9442, "_timestamp": 1708550175.1285512, "_runtime": 48.78249526023865, "_step": 5, "_wandb": {"runtime": 48}}