{"epochs": 5, "loss": 0.5686, "acc": 0.9453, "val_loss": 0.435, "val_acc": 0.9455, "_timestamp": 1708590756.5427814, "_runtime": 25.182950258255005, "_step": 5, "_wandb": {"runtime": 24}}