{"epochs": 5, "loss": 0.566, "accuracy": 0.945, "val_loss": 0.4574, "val_accuracy": 0.9466, "_timestamp": 1709246289.4238794, "_runtime": 41.085920333862305, "_step": 5, "_wandb": {"runtime": 40}}