{"epochs": 5, "loss": NaN, "accuracy": 0.9455, "val_loss": NaN, "val_accuracy": 0.945, "_timestamp": 1709242970.3905356, "_runtime": 84.86385154724121, "_step": 5, "_wandb": {"runtime": 84}}