{"epochs": 5, "loss": 0.7097, "acc": 0.8209, "val_loss": 0.3556, "val_acc": 0.9449, "_timestamp": 1708550662.8725142, "_runtime": 46.64891028404236, "_step": 5, "_wandb": {"runtime": 46}}