{"epochs": 5, "loss": 11.2053, "acc": 0.2245, "val_loss": 9.0983, "val_acc": 0.0543, "_timestamp": 1708561215.583608, "_runtime": 57.69206786155701, "_step": 5, "_wandb": {"runtime": 57}}