{"epochs": 5, "loss": 1.1137, "accuracy": 0.8738, "val_loss": 0.5593, "val_accuracy": 0.9451, "_timestamp": 1709249006.628033, "_runtime": 49.461936950683594, "_step": 5, "_wandb": {"runtime": 48}}