{"epochs": 5, "loss": 0.6874, "accuracy": 0.91, "val_loss": 0.5417, "val_accuracy": 0.9447, "_timestamp": 1709249371.1162758, "_runtime": 86.1665186882019, "_step": 5, "_wandb": {"runtime": 85}}