{"epochs": 5, "loss": 0.2734, "acc": 0.9443, "val_loss": 0.2099, "val_acc": 0.9459, "_timestamp": 1708594011.3226433, "_runtime": 86.67359733581543, "_step": 5, "_wandb": {"runtime": 86}}