{"epochs": 5, "loss": 1.0272, "accuracy": 0.912, "val_loss": 0.7957, "val_accuracy": 0.9458, "_timestamp": 1709251170.3754172, "_runtime": 88.97080612182617, "_step": 5, "_wandb": {"runtime": 88}}