{"epochs": 5, "loss": 13.909, "acc": 0.2201, "val_loss": 10.3606, "val_acc": 0.0544, "_timestamp": 1708544220.0891814, "_runtime": 47.46884036064148, "_step": 5, "_wandb": {"runtime": 46}}