{"epochs": 5, "loss": 1.5215, "accuracy": 0.7718, "val_loss": 0.3294, "val_accuracy": 0.9222, "_timestamp": 1708724640.7118587, "_runtime": 20.33792281150818, "_step": 5, "_wandb": {"runtime": 19}}