{"epochs": 5, "loss": 3.0241, "accuracy": 0.569, "val_loss": 0.4922, "val_accuracy": 0.8061, "_timestamp": 1709215732.2950559, "_runtime": 88.45346975326538, "_step": 5, "_wandb": {"runtime": 87}}