{"epochs": 5, "loss": 0.3597, "accuracy": 0.9396, "val_loss": 0.2851, "val_accuracy": 0.9444, "_timestamp": 1708727247.3498344, "_runtime": 33.44923734664917, "_step": 5, "_wandb": {"runtime": 32}}