{"epochs": 5, "loss": 2.967, "acc": 0.7387, "val_loss": 0.6257, "val_acc": 0.9088, "_timestamp": 1708558790.894052, "_runtime": 50.69101095199585, "_step": 5, "_wandb": {"runtime": 50}}