{"epochs": 5, "loss": 20.7295, "acc": 0.2266, "val_loss": 17.8233, "val_acc": 0.0598, "_timestamp": 1708554677.4392564, "_runtime": 47.11454749107361, "_step": 5, "_wandb": {"runtime": 46}}