{"epochs": 5, "loss": 12.9106, "accuracy": 0.3918, "val_loss": 9.9535, "val_accuracy": 0.1832, "_timestamp": 1709213997.7484035, "_runtime": 83.82866954803467, "_step": 5, "_wandb": {"runtime": 83}}