{"epochs": 5, "loss": 3.083, "acc": 0.7344, "val_loss": 0.6164, "val_acc": 0.9455, "_timestamp": 1708586854.7836175, "_runtime": 47.04911541938782, "_step": 5, "_wandb": {"runtime": 46}}