{"epochs": 5, "loss": 0.2856, "acc": 0.9446, "val_loss": 0.2073, "val_acc": 0.946, "_timestamp": 1708592731.38449, "_runtime": 79.34134292602539, "_step": 5, "_wandb": {"runtime": 78}}