{"epochs": 5, "loss": 2.0169, "acc": 0.6905, "val_loss": 0.4694, "val_acc": 0.9441, "_timestamp": 1708542396.6263776, "_runtime": 47.873178482055664, "_step": 5, "_wandb": {"runtime": 47}}