{"epochs": 5, "loss": 1.207, "acc": 0.803, "val_loss": 0.6504, "val_acc": 0.9462, "_timestamp": 1708555060.9605563, "_runtime": 53.090171337127686, "_step": 5, "_wandb": {"runtime": 52}}