{"epochs": 5, "loss": 0.5582, "accuracy": 0.888, "val_loss": 0.2636, "val_accuracy": 0.945, "_timestamp": 1708727466.669561, "_runtime": 34.221829891204834, "_step": 5, "_wandb": {"runtime": 33}}