{"epochs": 5, "loss": NaN, "accuracy": 0.9451, "val_loss": NaN, "val_accuracy": 0.9463, "_timestamp": 1709245915.9012616, "_runtime": 39.61800146102905, "_step": 5, "_wandb": {"runtime": 39}}