{"epochs": 5, "loss": 0.5704, "accuracy": 0.9448, "val_loss": 0.4376, "val_accuracy": 0.9458, "_timestamp": 1709221738.6840844, "_runtime": 85.8049533367157, "_step": 5, "_wandb": {"runtime": 85}}