{"epochs": 5, "loss": 0.3207, "acc": 0.9451, "val_loss": 0.2581, "val_acc": 0.9463, "_timestamp": 1708595416.0163434, "_runtime": 87.02818536758423, "_step": 5, "_wandb": {"runtime": 86}}