{"epochs": 5, "loss": 1.3759, "acc": 0.7383, "val_loss": 0.2479, "val_acc": 0.9427, "_timestamp": 1708547847.7646878, "_runtime": 46.61245274543762, "_step": 5, "_wandb": {"runtime": 46}}