{"epochs": 5, "loss": 0.5099, "accuracy": 0.938, "val_loss": 0.4893, "val_accuracy": 0.9431, "_timestamp": 1709228205.2031405, "_runtime": 49.39314246177673, "_step": 5, "_wandb": {"runtime": 48}}