{"epochs": 5, "loss": 22.7634, "accuracy": 0.1165, "val_loss": 21.4543, "val_accuracy": 0.0544, "_timestamp": 1709238301.753156, "_runtime": 39.08696103096008, "_step": 5, "_wandb": {"runtime": 38}}