{"epochs": 5, "loss": 1.6705, "accuracy": 0.8997, "val_loss": 1.2981, "val_accuracy": 0.9461, "_timestamp": 1709227559.0328872, "_runtime": 49.39030623435974, "_step": 5, "_wandb": {"runtime": 48}}