{"epochs": 5, "loss": 0.5463, "acc": 0.9221, "val_loss": 0.3579, "val_acc": 0.9448, "_timestamp": 1708545801.834672, "_runtime": 47.909868001937866, "_step": 5, "_wandb": {"runtime": 47}}