{"epochs": 5, "loss": 0.2903, "accuracy": 0.9458, "val_loss": 0.2294, "val_accuracy": 0.9443, "_timestamp": 1709251673.481435, "_runtime": 49.69370412826538, "_step": 5, "_wandb": {"runtime": 49}}