{"epochs": 5, "loss": 0.9426, "accuracy": 0.9012, "val_loss": 0.8154, "val_accuracy": 0.945, "_timestamp": 1709241038.398051, "_runtime": 34.74668598175049, "_step": 5, "_wandb": {"runtime": 34}}