{"epochs": 5, "loss": 1.5783, "acc": 0.7915, "val_loss": 0.6359, "val_acc": 0.9095, "_timestamp": 1708559861.584026, "_runtime": 51.838744163513184, "_step": 5, "_wandb": {"runtime": 51}}