{"epochs": 5, "loss": 1.3856, "accuracy": 0.7566, "val_loss": 0.5791, "val_accuracy": 0.9451, "_timestamp": 1709223757.3989127, "_runtime": 43.26053977012634, "_step": 5, "_wandb": {"runtime": 42}}