{"epochs": 5, "loss": NaN, "accuracy": 0.9453, "val_loss": NaN, "val_accuracy": 0.9456, "_timestamp": 1709245767.0192306, "_runtime": 38.5948646068573, "_step": 5, "_wandb": {"runtime": 38}}