{"epochs": 5, "loss": 11.4114, "acc": 0.3218, "val_loss": 9.5277, "val_acc": 0.1357, "_timestamp": 1708580797.2761621, "_runtime": 44.044761180877686, "_step": 5, "_wandb": {"runtime": 43}}