{"epochs": 5, "loss": 0.5363, "acc": 0.9164, "val_loss": 0.3324, "val_acc": 0.9458, "_timestamp": 1708551393.8304622, "_runtime": 46.94089412689209, "_step": 5, "_wandb": {"runtime": 46}}