{"epochs": 5, "loss": 1.8343, "acc": 0.7106, "val_loss": 0.6806, "val_acc": 0.8369, "_timestamp": 1708550725.36561, "_runtime": 46.80339980125427, "_step": 5, "_wandb": {"runtime": 46}}