{"epochs": 5, "loss": 0.5626, "accuracy": 0.9114, "val_loss": 0.2743, "val_accuracy": 0.9447, "_timestamp": 1708725091.6529093, "_runtime": 20.772700309753418, "_step": 5, "_wandb": {"runtime": 20}}