{"epochs": 5, "loss": 1.4778, "accuracy": 0.8326, "val_loss": 0.8682, "val_accuracy": 0.9454, "_timestamp": 1709226714.6478562, "_runtime": 47.83800911903381, "_step": 5, "_wandb": {"runtime": 47}}