{"epochs": 5, "loss": 2.1154, "acc": 0.7653, "val_loss": 0.4403, "val_acc": 0.939, "_timestamp": 1708545987.90013, "_runtime": 48.023808002471924, "_step": 5, "_wandb": {"runtime": 47}}