{"epochs": 5, "loss": 0.899, "accuracy": 0.5466, "val_loss": 0.7728, "val_accuracy": 0.4, "_timestamp": 1709237860.4915774, "_runtime": 34.1486234664917, "_step": 5, "_wandb": {"runtime": 33}}