{"epochs": 5, "loss": 0.2826, "accuracy": 0.9444, "val_loss": 0.2308, "val_accuracy": 0.9463, "_timestamp": 1709238773.6328502, "_runtime": 86.58214807510376, "_step": 5, "_wandb": {"runtime": 86}}