{"epochs": 5, "loss": 1.6856, "acc": 0.9082, "val_loss": 1.3399, "val_acc": 0.947, "_timestamp": 1708562035.1323354, "_runtime": 51.3297324180603, "_step": 5, "_wandb": {"runtime": 50}}