{"epochs": 5, "loss": 0.3553, "accuracy": 0.9378, "val_loss": 0.2613, "val_accuracy": 0.9455, "_timestamp": 1709225229.484898, "_runtime": 43.475810050964355, "_step": 5, "_wandb": {"runtime": 42}}