{"epochs": 5, "loss": 8.3108, "acc": 0.1891, "val_loss": 5.3559, "val_acc": 0.0542, "_timestamp": 1708556097.323174, "_runtime": 58.40599799156189, "_step": 5, "_wandb": {"runtime": 53}}