{"epochs": 5, "loss": 1.9443, "accuracy": 0.8709, "val_loss": 1.5184, "val_accuracy": 0.9461, "_timestamp": 1709249166.7236242, "_runtime": 40.64426016807556, "_step": 5, "_wandb": {"runtime": 40}}