{"epochs": 5, "loss": 0.4681, "acc": 0.9124, "val_loss": 0.2874, "val_acc": 0.9467, "_timestamp": 1708553800.0621262, "_runtime": 50.476696252822876, "_step": 5, "_wandb": {"runtime": 49}}