{"epochs": 5, "loss": 1.0492, "acc": 0.8357, "val_loss": 0.5743, "val_acc": 0.9428, "_timestamp": 1708580492.7920735, "_runtime": 11931.236320495605, "_step": 5, "_wandb": {"runtime": 11930}}