{"epochs": 5, "loss": 4.3673, "acc": 0.5473, "val_loss": 2.0213, "val_acc": 0.5367, "_timestamp": 1708629636.074792, "_runtime": 97.65370392799377, "_step": 5, "_wandb": {"runtime": 91}}