{"epochs": 5, "loss": 0.2929, "acc": 0.945, "val_loss": 0.2357, "val_acc": 0.9465, "_timestamp": 1708552187.8994048, "_runtime": 47.98585486412048, "_step": 5, "_wandb": {"runtime": 47}}