{"epochs": 5, "loss": 0.434, "accuracy": 0.9259, "val_loss": 0.2549, "val_accuracy": 0.9468, "_timestamp": 1709242362.3372054, "_runtime": 90.69214034080505, "_step": 5, "_wandb": {"runtime": 90}}