{"epochs": 5, "loss": 0.6049, "acc": 0.9453, "val_loss": 0.5003, "val_acc": 0.9458, "_timestamp": 1708590918.5982394, "_runtime": 43.330936431884766, "_step": 5, "_wandb": {"runtime": 42}}