{"epochs": 5, "loss": 0.8846, "accuracy": 0.9313, "val_loss": 0.7054, "val_accuracy": 0.9456, "_timestamp": 1709243418.9278297, "_runtime": 84.45944786071777, "_step": 5, "_wandb": {"runtime": 83}}