{"epochs": 5, "loss": 42.5337, "accuracy": 0.0587, "val_loss": 41.2343, "val_accuracy": 0.0557, "_timestamp": 1709248456.6397517, "_runtime": 42.826472759246826, "_step": 5, "_wandb": {"runtime": 42}}