{"epochs": 5, "loss": 0.96, "accuracy": 0.9138, "val_loss": 0.7601, "val_accuracy": 0.9447, "_timestamp": 1708632457.295962, "_runtime": 81.15746402740479, "_step": 5, "_wandb": {"runtime": 80}}