{"epochs": 5, "loss": 0.4447, "accuracy": 0.8749, "val_loss": 0.2702, "val_accuracy": 0.9458, "_timestamp": 1709242869.4199398, "_runtime": 53.081939697265625, "_step": 5, "_wandb": {"runtime": 52}}