{"epochs": 5, "loss": 7.6547, "accuracy": 0.2541, "val_loss": 2.8515, "val_accuracy": 0.251, "_timestamp": 1709243525.4085672, "_runtime": 86.11415028572083, "_step": 5, "_wandb": {"runtime": 85}}