{"epochs": 5, "loss": 0.4664, "acc": 0.9362, "val_loss": 0.3332, "val_acc": 0.9468, "_timestamp": 1708591043.0484154, "_runtime": 25.51209545135498, "_step": 5, "_wandb": {"runtime": 24}}