{"epochs": 5, "loss": 0.5837, "accuracy": 0.9136, "val_loss": 0.3988, "val_accuracy": 0.9437, "_timestamp": 1709230938.5447192, "_runtime": 26.425260305404663, "_step": 5, "_wandb": {"runtime": 25}}