{"epochs": 5, "loss": 0.4076, "accuracy": 0.9368, "val_loss": 0.2706, "val_accuracy": 0.9443, "_timestamp": 1709220303.4536068, "_runtime": 85.60645890235901, "_step": 5, "_wandb": {"runtime": 85}}