{"epochs": 5, "loss": 1.3763, "acc": 0.8134, "val_loss": 0.2629, "val_acc": 0.9406, "_timestamp": 1708563001.5106568, "_runtime": 55.22902488708496, "_step": 5, "_wandb": {"runtime": 54}}