{"epochs": 5, "loss": 0.3346, "accuracy": 0.7943, "val_loss": 0.2851, "val_accuracy": 0.9438, "_timestamp": 1709240384.4222999, "_runtime": 93.31900978088379, "_step": 5, "_wandb": {"runtime": 92}}