{"epochs": 5, "loss": 1.1289, "accuracy": 0.8447, "val_loss": 0.5104, "val_accuracy": 0.944, "_timestamp": 1708724448.781803, "_runtime": 20.558347940444946, "_step": 5, "_wandb": {"runtime": 20}}