{"epochs": 5, "loss": 0.2913, "acc": 0.9435, "val_loss": 0.2741, "val_acc": 0.9447, "_timestamp": 1708593127.2964556, "_runtime": 86.92457151412964, "_step": 5, "_wandb": {"runtime": 86}}