{"epochs": 5, "loss": 1.993, "accuracy": 0.8711, "val_loss": 1.2824, "val_accuracy": 0.945, "_timestamp": 1709242262.3856807, "_runtime": 95.88798260688782, "_step": 5, "_wandb": {"runtime": 95}}