{"epochs": 5, "loss": 0.4689, "accuracy": 0.939, "val_loss": 0.3179, "val_accuracy": 0.9451, "_timestamp": 1709251614.1871812, "_runtime": 88.99537920951843, "_step": 5, "_wandb": {"runtime": 88}}