{"epochs": 5, "loss": 0.2926, "acc": 0.944, "val_loss": 0.2842, "val_acc": 0.9438, "_timestamp": 1708593915.5750592, "_runtime": 87.37335228919983, "_step": 5, "_wandb": {"runtime": 86}}