{"epochs": 5, "loss": 1.3164, "acc": 0.936, "val_loss": 1.2436, "val_acc": 0.9444, "_timestamp": 1708542840.370921, "_runtime": 43.80968189239502, "_step": 5, "_wandb": {"runtime": 43}}