{"epochs": 5, "loss": 1.7675, "acc": 0.6627, "val_loss": 1.079, "val_acc": 0.6496, "_timestamp": 1708555360.0536516, "_runtime": 49.39276051521301, "_step": 5, "_wandb": {"runtime": 48}}