{"epochs": 5, "loss": 4.0132, "accuracy": 0.3619, "val_loss": 3.8516, "val_accuracy": 0.0549, "_timestamp": 1709223810.3322916, "_runtime": 43.97663354873657, "_step": 5, "_wandb": {"runtime": 43}}