{"epochs": 5, "loss": 0.9579, "accuracy": 0.928, "val_loss": 0.8368, "val_accuracy": 0.946, "_timestamp": 1709234050.3706548, "_runtime": 35.492432832717896, "_step": 5, "_wandb": {"runtime": 34}}