{"epochs": 5, "loss": 0.3743, "accuracy": 0.9271, "val_loss": 0.24, "val_accuracy": 0.9455, "_timestamp": 1709220496.3834875, "_runtime": 85.69282054901123, "_step": 5, "_wandb": {"runtime": 85}}