{"epochs": 5, "loss": 0.8023, "accuracy": 0.8714, "val_loss": 0.4724, "val_accuracy": 0.9326, "_timestamp": 1709243845.8277707, "_runtime": 37.28330159187317, "_step": 5, "_wandb": {"runtime": 36}}