{"epochs": 5, "loss": 1.8519, "accuracy": 0.5425, "val_loss": 1.1743, "val_accuracy": 0.6374, "_timestamp": 1709230032.0700514, "_runtime": 30.09487748146057, "_step": 5, "_wandb": {"runtime": 29}}