{"epochs": 5, "loss": 0.6185, "accuracy": 0.9396, "val_loss": 0.5351, "val_accuracy": 0.9454, "_timestamp": 1709243580.9005668, "_runtime": 39.49227571487427, "_step": 5, "_wandb": {"runtime": 38}}