{"epochs": 5, "loss": 2.7895, "acc": 0.753, "val_loss": 0.6794, "val_acc": 0.9458, "_timestamp": 1708557920.8085423, "_runtime": 51.631678342819214, "_step": 5, "_wandb": {"runtime": 47}}