{"epochs": 5, "loss": 1.1278, "acc": 0.9421, "val_loss": 0.877, "val_acc": 0.9459, "_timestamp": 1708553613.5540845, "_runtime": 51.487051486968994, "_step": 5, "_wandb": {"runtime": 50}}