{"epochs": 5, "loss": 1.9002, "acc": 0.7887, "val_loss": 0.7717, "val_acc": 0.9459, "_timestamp": 1708545563.354064, "_runtime": 46.798348903656006, "_step": 5, "_wandb": {"runtime": 46}}