{"epochs": 5, "loss": 0.7095, "accuracy": 0.9431, "val_loss": 0.6138, "val_accuracy": 0.9446, "_timestamp": 1709221642.3430634, "_runtime": 85.49770140647888, "_step": 5, "_wandb": {"runtime": 84}}