{"epochs": 5, "loss": 0.4255, "acc": 0.8956, "val_loss": 0.2359, "val_acc": 0.946, "_timestamp": 1708552490.4120367, "_runtime": 47.638503551483154, "_step": 5, "_wandb": {"runtime": 47}}