{"epochs": 5, "loss": 0.3098, "acc": 0.9458, "val_loss": 0.2345, "val_acc": 0.9443, "_timestamp": 1708589172.1910985, "_runtime": 78.8131935596466, "_step": 5, "_wandb": {"runtime": 78}}