{"epochs": 5, "loss": 1.8427, "acc": 0.9434, "val_loss": 1.6935, "val_acc": 0.9457, "_timestamp": 1708551082.373117, "_runtime": 50.23069787025452, "_step": 5, "_wandb": {"runtime": 48}}