{"epochs": 5, "loss": 0.521, "acc": 0.9455, "val_loss": 0.3559, "val_acc": 0.9452, "_timestamp": 1708546409.9394026, "_runtime": 49.018571615219116, "_step": 5, "_wandb": {"runtime": 48}}