{"epochs": 5, "loss": 0.4403, "accuracy": 0.9374, "val_loss": 0.3896, "val_accuracy": 0.9463, "_timestamp": 1709249465.051971, "_runtime": 86.1471300125122, "_step": 5, "_wandb": {"runtime": 85}}