{"epochs": 5, "loss": NaN, "accuracy": 0.9451, "val_loss": NaN, "val_accuracy": 0.9461, "_timestamp": 1709236980.65435, "_runtime": 50.1195330619812, "_step": 5, "_wandb": {"runtime": 49}}