{"epochs": 5, "loss": 0.3923, "acc": 0.9312, "val_loss": 0.2605, "val_acc": 0.9462, "_timestamp": 1708590715.4530299, "_runtime": 42.327064752578735, "_step": 5, "_wandb": {"runtime": 41}}