{"epochs": 5, "loss": 1.8242, "accuracy": 0.7987, "val_loss": 0.614, "val_accuracy": 0.8861, "_timestamp": 1709224849.959602, "_runtime": 42.92796206474304, "_step": 5, "_wandb": {"runtime": 42}}