{"epochs": 5, "loss": 0.5989, "accuracy": 0.9369, "val_loss": 0.6421, "val_accuracy": 0.9451, "_timestamp": 1709217328.9247603, "_runtime": 87.78418636322021, "_step": 5, "_wandb": {"runtime": 87}}