{"epochs": 5, "loss": 0.3508, "accuracy": 0.9444, "val_loss": 0.2299, "val_accuracy": 0.9455, "_timestamp": 1709245604.2864404, "_runtime": 84.52541327476501, "_step": 5, "_wandb": {"runtime": 84}}