{"epochs": 5, "loss": 0.3769, "acc": 0.9401, "val_loss": 0.2865, "val_acc": 0.9441, "_timestamp": 1708562794.9375975, "_runtime": 49.880523443222046, "_step": 5, "_wandb": {"runtime": 49}}