{"epochs": 5, "loss": NaN, "accuracy": 0.9456, "val_loss": NaN, "val_accuracy": 0.9448, "_timestamp": 1709238872.6192698, "_runtime": 86.75095295906067, "_step": 5, "_wandb": {"runtime": 86}}