{"epochs": 5, "loss": 0.68, "accuracy": 0.927, "val_loss": 0.3765, "val_accuracy": 0.9454, "_timestamp": 1709219330.1022131, "_runtime": 86.45970726013184, "_step": 5, "_wandb": {"runtime": 85}}