{"epochs": 5, "loss": 0.3286, "acc": 0.9401, "val_loss": 0.2306, "val_acc": 0.9457, "_timestamp": 1708598761.4476545, "_runtime": 92.7873604297638, "_step": 5, "_wandb": {"runtime": 92}}