{"epochs": 5, "loss": 0.4247, "accuracy": 0.9192, "val_loss": 0.3626, "val_accuracy": 0.9449, "_timestamp": 1709218953.150657, "_runtime": 85.3254919052124, "_step": 5, "_wandb": {"runtime": 84}}