{"epochs": 5, "loss": 1.8544, "accuracy": 0.944, "val_loss": 1.652, "val_accuracy": 0.9469, "_timestamp": 1709238251.418747, "_runtime": 92.34223794937134, "_step": 5, "_wandb": {"runtime": 91}}