{"epochs": 5, "loss": 2.3919, "acc": 0.7553, "val_loss": 0.7077, "val_acc": 0.9285, "_timestamp": 1708564187.908633, "_runtime": 49.74741888046265, "_step": 5, "_wandb": {"runtime": 49}}