{"epochs": 5, "loss": 0.4539, "accuracy": 0.9139, "val_loss": 0.2659, "val_accuracy": 0.9445, "_timestamp": 1709226598.37097, "_runtime": 43.63689303398132, "_step": 5, "_wandb": {"runtime": 43}}