{"epochs": 5, "loss": 19.1878, "accuracy": 0.1836, "val_loss": 15.698, "val_accuracy": 0.0556, "_timestamp": 1709224745.267022, "_runtime": 42.87273097038269, "_step": 5, "_wandb": {"runtime": 42}}