{"epochs": 5, "loss": 0.4821, "accuracy": 0.9078, "val_loss": 0.2493, "val_accuracy": 0.9397, "_timestamp": 1709238147.9547415, "_runtime": 35.41656041145325, "_step": 5, "_wandb": {"runtime": 34}}