{"epochs": 5, "loss": 1.5347, "acc": 0.7721, "val_loss": 0.7657, "val_acc": 0.9435, "_timestamp": 1708562300.3789072, "_runtime": 49.337199211120605, "_step": 5, "_wandb": {"runtime": 48}}