{"epochs": 5, "loss": 1.026, "accuracy": 0.853, "val_loss": 0.522, "val_accuracy": 0.9383, "_timestamp": 1709229116.1215584, "_runtime": 50.56475353240967, "_step": 5, "_wandb": {"runtime": 49}}