{"epochs": 5, "loss": 1.7072, "acc": 0.9373, "val_loss": 1.4977, "val_acc": 0.9454, "_timestamp": 1708588330.1468554, "_runtime": 47.02071237564087, "_step": 5, "_wandb": {"runtime": 46}}