{"epochs": 5, "loss": 0.2722, "acc": 0.9419, "val_loss": 0.2176, "val_acc": 0.9452, "_timestamp": 1708597117.0599048, "_runtime": 79.84219479560852, "_step": 5, "_wandb": {"runtime": 79}}