{"epochs": 5, "loss": 1.7465, "acc": 0.9459, "val_loss": 1.6436, "val_acc": 0.9441, "_timestamp": 1708563065.5057535, "_runtime": 53.87584161758423, "_step": 5, "_wandb": {"runtime": 53}}