{"epochs": 5, "loss": 0.6468, "accuracy": 0.8589, "val_loss": 0.4096, "val_accuracy": 0.9462, "_timestamp": 1709244812.0334206, "_runtime": 85.3845796585083, "_step": 5, "_wandb": {"runtime": 84}}