{"epochs": 5, "loss": 1.7847, "accuracy": 0.9189, "val_loss": 1.4819, "val_accuracy": 0.9445, "_timestamp": 1709234005.3280342, "_runtime": 32.68205213546753, "_step": 5, "_wandb": {"runtime": 32}}