{"epochs": 5, "loss": 1.1403, "acc": 0.753, "val_loss": 0.4504, "val_acc": 0.8335, "_timestamp": 1708561760.795435, "_runtime": 49.38335585594177, "_step": 5, "_wandb": {"runtime": 48}}