{"epochs": 5, "loss": NaN, "accuracy": 0.9454, "val_loss": NaN, "val_accuracy": 0.9453, "_timestamp": 1709235681.5162919, "_runtime": 90.93627381324768, "_step": 5, "_wandb": {"runtime": 90}}