{"epochs": 5, "loss": 10.2886, "acc": 0.1656, "val_loss": 8.2458, "val_acc": 0.0549, "_timestamp": 1708588893.6473079, "_runtime": 78.2708089351654, "_step": 5, "_wandb": {"runtime": 77}}