{"epochs": 5, "loss": NaN, "accuracy": 0.9455, "val_loss": NaN, "val_accuracy": 0.9451, "_timestamp": 1709238634.5703561, "_runtime": 62.76488423347473, "_step": 5, "_wandb": {"runtime": 62}}