{"epochs": 5, "loss": 0.3007, "acc": 0.9442, "val_loss": 0.2485, "val_acc": 0.945, "_timestamp": 1708597604.4803054, "_runtime": 89.70102548599243, "_step": 5, "_wandb": {"runtime": 89}}