{"epochs": 5, "loss": 0.7613, "acc": 0.9068, "val_loss": 0.5745, "val_acc": 0.9467, "_timestamp": 1708543210.24813, "_runtime": 48.45574116706848, "_step": 5, "_wandb": {"runtime": 47}}