{"epochs": 5, "loss": 0.59, "accuracy": 0.8807, "val_loss": 0.3345, "val_accuracy": 0.9453, "_timestamp": 1708723046.286618, "_runtime": 78.51460599899292, "_step": 5, "_wandb": {"runtime": 77}}