{"epochs": 5, "loss": 0.3859, "accuracy": 0.9362, "val_loss": 0.2373, "val_accuracy": 0.947, "_timestamp": 1709232194.4810789, "_runtime": 81.57753276824951, "_step": 5, "_wandb": {"runtime": 81}}