{"epochs": 5, "loss": 0.9805, "acc": 0.7834, "val_loss": 0.5792, "val_acc": 0.9346, "_timestamp": 1708562425.4981403, "_runtime": 49.453771352767944, "_step": 5, "_wandb": {"runtime": 48}}