{"epochs": 5, "loss": 0.2898, "acc": 0.944, "val_loss": 0.2296, "val_acc": 0.9454, "_timestamp": 1708587860.6301353, "_runtime": 47.39928936958313, "_step": 5, "_wandb": {"runtime": 46}}