{"epochs": 5, "loss": 1.5504, "accuracy": 0.9071, "val_loss": 1.1312, "val_accuracy": 0.9457, "_timestamp": 1709228489.7989938, "_runtime": 49.11742877960205, "_step": 5, "_wandb": {"runtime": 48}}