{"epochs": 5, "loss": 1.0527, "accuracy": 0.9335, "val_loss": 0.9571, "val_accuracy": 0.9458, "_timestamp": 1709237723.4098942, "_runtime": 102.21231818199158, "_step": 5, "_wandb": {"runtime": 101}}