{"epochs": 5, "loss": 3.9756, "accuracy": 0.2098, "val_loss": 1.8951, "val_accuracy": 0.0608, "_timestamp": 1708724529.1383526, "_runtime": 20.190319538116455, "_step": 5, "_wandb": {"runtime": 19}}