{"epochs": 5, "loss": 0.418, "acc": 0.9279, "val_loss": 0.3134, "val_acc": 0.9453, "_timestamp": 1708585607.3799372, "_runtime": 87.28242206573486, "_step": 5, "_wandb": {"runtime": 86}}