{"epochs": 5, "loss": 0.3667, "acc": 0.9309, "val_loss": 0.2882, "val_acc": 0.945, "_timestamp": 1708592356.434605, "_runtime": 80.08116388320923, "_step": 5, "_wandb": {"runtime": 79}}