{"epochs": 5, "loss": 14.8634, "accuracy": 0.0808, "val_loss": 10.4514, "val_accuracy": 0.0556, "_timestamp": 1709230689.1029212, "_runtime": 27.06625723838806, "_step": 5, "_wandb": {"runtime": 26}}