{"epochs": 5, "loss": 0.8162, "acc": 0.8847, "val_loss": 0.6126, "val_acc": 0.9448, "_timestamp": 1708545743.7001686, "_runtime": 48.12149357795715, "_step": 5, "_wandb": {"runtime": 47}}