{"epochs": 5, "loss": 2.636, "accuracy": 0.4128, "val_loss": 1.9844, "val_accuracy": 0.1398, "_timestamp": 1709246856.6921916, "_runtime": 41.421576499938965, "_step": 5, "_wandb": {"runtime": 40}}