{"epochs": 5, "loss": 0.3165, "accuracy": 0.9367, "val_loss": 0.2468, "val_accuracy": 0.9455, "_timestamp": 1709221829.218428, "_runtime": 81.25271677970886, "_step": 5, "_wandb": {"runtime": 80}}