{"epochs": 5, "loss": 2.0031, "accuracy": 0.5196, "val_loss": 0.8763, "val_accuracy": 0.6865, "_timestamp": 1709245389.7785418, "_runtime": 28.804460763931274, "_step": 5, "_wandb": {"runtime": 28}}