{"epochs": 5, "loss": 0.2746, "acc": 0.9437, "val_loss": 0.2354, "val_acc": 0.9453, "_timestamp": 1708591719.576505, "_runtime": 80.57914400100708, "_step": 5, "_wandb": {"runtime": 80}}