{"epochs": 5, "loss": 3.913, "acc": 0.481, "val_loss": 2.4932, "val_acc": 0.4294, "_timestamp": 1708582181.643611, "_runtime": 43.80233693122864, "_step": 5, "_wandb": {"runtime": 43}}