{"epochs": 5, "loss": 0.9886, "accuracy": 0.9028, "val_loss": 0.698, "val_accuracy": 0.945, "_timestamp": 1709251222.0603414, "_runtime": 43.03156638145447, "_step": 5, "_wandb": {"runtime": 42}}