{"epochs": 5, "loss": 1.879, "acc": 0.4677, "val_loss": 0.7537, "val_acc": 0.7502, "_timestamp": 1708561415.5606182, "_runtime": 52.68711614608765, "_step": 5, "_wandb": {"runtime": 52}}