{"epochs": 5, "loss": 0.7369, "accuracy": 0.9334, "val_loss": 0.6295, "val_accuracy": 0.9443, "_timestamp": 1709218275.196196, "_runtime": 84.58778619766235, "_step": 5, "_wandb": {"runtime": 83}}