{"epochs": 5, "loss": 1.7597, "accuracy": 0.9004, "val_loss": 1.4608, "val_accuracy": 0.9457, "_timestamp": 1709243759.526436, "_runtime": 58.88537406921387, "_step": 5, "_wandb": {"runtime": 58}}