{"epochs": 5, "loss": 1.8017, "accuracy": 0.8288, "val_loss": 0.2924, "val_accuracy": 0.9442, "_timestamp": 1708727423.336014, "_runtime": 34.071234941482544, "_step": 5, "_wandb": {"runtime": 33}}