{"epochs": 5, "loss": NaN, "accuracy": 0.9455, "val_loss": NaN, "val_accuracy": 0.945, "_timestamp": 1709245671.5706043, "_runtime": 55.19995331764221, "_step": 5, "_wandb": {"runtime": 54}}