{"epochs": 5, "loss": 0.4194, "acc": 0.9252, "val_loss": 0.289, "val_acc": 0.9453, "_timestamp": 1708549994.1649857, "_runtime": 47.90922665596008, "_step": 5, "_wandb": {"runtime": 47}}