{"epochs": 5, "loss": 1.209, "accuracy": 0.8285, "val_loss": 0.2365, "val_accuracy": 0.9433, "_timestamp": 1709228085.708821, "_runtime": 50.19948196411133, "_step": 5, "_wandb": {"runtime": 49}}