{"epochs": 5, "loss": 0.7934, "accuracy": 0.8895, "val_loss": 0.45, "val_accuracy": 0.9452, "_timestamp": 1709240236.2643068, "_runtime": 54.84007668495178, "_step": 5, "_wandb": {"runtime": 54}}