{"epochs": 5, "loss": 0.7778, "acc": 0.9094, "val_loss": 0.4615, "val_acc": 0.9458, "_timestamp": 1708552662.8991823, "_runtime": 47.24845743179321, "_step": 5, "_wandb": {"runtime": 46}}