{"epochs": 5, "loss": 0.9242, "accuracy": 0.8245, "val_loss": 0.5454, "val_accuracy": 0.9463, "_timestamp": 1709213621.1017377, "_runtime": 84.18003678321838, "_step": 5, "_wandb": {"runtime": 83}}