{"epochs": 5, "loss": 0.7182, "accuracy": 0.8269, "val_loss": 0.2425, "val_accuracy": 0.9415, "_timestamp": 1708722956.9234061, "_runtime": 78.5252480506897, "_step": 5, "_wandb": {"runtime": 77}}