{"epochs": 5, "loss": 1.4965, "acc": 0.7483, "val_loss": 0.4445, "val_acc": 0.9384, "_timestamp": 1708546719.3856316, "_runtime": 48.475871562957764, "_step": 5, "_wandb": {"runtime": 47}}