{"epochs": 5, "loss": 12.9558, "accuracy": 0.3008, "val_loss": 11.1805, "val_accuracy": 0.0838, "_timestamp": 1708630242.99633, "_runtime": 81.70455503463745, "_step": 5, "_wandb": {"runtime": 81}}