{"epochs": 5, "loss": 0.9799, "acc": 0.8341, "val_loss": 0.4193, "val_acc": 0.9448, "_timestamp": 1708548573.3971357, "_runtime": 46.45056462287903, "_step": 5, "_wandb": {"runtime": 45}}