{"epochs": 5, "loss": 0.3173, "acc": 0.9444, "val_loss": 0.2235, "val_acc": 0.9463, "_timestamp": 1708595813.9613824, "_runtime": 87.26686143875122, "_step": 5, "_wandb": {"runtime": 86}}