{"epochs": 5, "loss": 0.4639, "acc": 0.912, "val_loss": 0.3044, "val_acc": 0.9453, "_timestamp": 1708555721.2717886, "_runtime": 48.345181703567505, "_step": 5, "_wandb": {"runtime": 47}}