{"epochs": 5, "loss": 1.3, "accuracy": 0.8231, "val_loss": 0.7188, "val_accuracy": 0.9461, "_timestamp": 1709234641.244432, "_runtime": 92.34309387207031, "_step": 5, "_wandb": {"runtime": 91}}