{"epochs": 5, "loss": 0.3484, "accuracy": 0.9456, "val_loss": 0.2652, "val_accuracy": 0.9445, "_timestamp": 1709245444.31221, "_runtime": 46.21940016746521, "_step": 5, "_wandb": {"runtime": 45}}