{"epochs": 5, "loss": 0.4777, "acc": 0.9233, "val_loss": 0.3229, "val_acc": 0.9456, "_timestamp": 1708549579.9107049, "_runtime": 52.49350380897522, "_step": 5, "_wandb": {"runtime": 46}}