{"epochs": 5, "loss": 0.5305, "accuracy": 0.9359, "val_loss": 0.4805, "val_accuracy": 0.9441, "_timestamp": 1708726151.4230914, "_runtime": 34.14685845375061, "_step": 5, "_wandb": {"runtime": 33}}