{"epochs": 5, "loss": 2.3952, "acc": 0.3191, "val_loss": 0.8286, "val_acc": 0.5177, "_timestamp": 1708586967.0868428, "_runtime": 28.407857656478882, "_step": 5, "_wandb": {"runtime": 27}}