{"epochs": 5, "loss": 2.2848, "acc": 0.8961, "val_loss": 1.6451, "val_acc": 0.9468, "_timestamp": 1708560768.6536388, "_runtime": 52.715781927108765, "_step": 5, "_wandb": {"runtime": 52}}