{"epochs": 5, "loss": 0.7765, "acc": 0.7708, "val_loss": 0.289, "val_acc": 0.9463, "_timestamp": 1708559134.7928622, "_runtime": 58.025750160217285, "_step": 5, "_wandb": {"runtime": 57}}