{"epochs": 5, "loss": 1.1781, "accuracy": 0.9239, "val_loss": 0.9063, "val_accuracy": 0.946, "_timestamp": 1708725917.4030778, "_runtime": 34.896392822265625, "_step": 5, "_wandb": {"runtime": 34}}