{"epochs": 5, "loss": 0.8176, "acc": 0.8844, "val_loss": 0.3258, "val_acc": 0.9448, "_timestamp": 1708550430.8317523, "_runtime": 47.94133925437927, "_step": 5, "_wandb": {"runtime": 47}}