{"epochs": 5, "loss": 0.9172, "acc": 0.9171, "val_loss": 0.7257, "val_acc": 0.9448, "_timestamp": 1708581691.3096185, "_runtime": 42.86924958229065, "_step": 5, "_wandb": {"runtime": 42}}