{"epochs": 5, "loss": 1.1934, "accuracy": 0.9102, "val_loss": 1.05, "val_accuracy": 0.9437, "_timestamp": 1709242644.5648243, "_runtime": 60.39839434623718, "_step": 5, "_wandb": {"runtime": 59}}