{"epochs": 5, "loss": 0.4485, "accuracy": 0.9387, "val_loss": 0.3671, "val_accuracy": 0.9455, "_timestamp": 1708727026.2823398, "_runtime": 36.16971278190613, "_step": 5, "_wandb": {"runtime": 35}}