{"epochs": 5, "loss": 0.9395, "acc": 0.8278, "val_loss": 0.4112, "val_acc": 0.9374, "_timestamp": 1708547611.4624634, "_runtime": 48.03136229515076, "_step": 5, "_wandb": {"runtime": 47}}