{"epochs": 5, "loss": 11.3152, "acc": 0.3069, "val_loss": 8.691, "val_acc": 0.1519, "_timestamp": 1708550605.9364831, "_runtime": 47.99687123298645, "_step": 5, "_wandb": {"runtime": 47}}