{"epochs": 5, "loss": 11.5028, "accuracy": 0.1163, "val_loss": 5.873, "val_accuracy": 0.0608, "_timestamp": 1708634414.2054057, "_runtime": 80.64315581321716, "_step": 5, "_wandb": {"runtime": 80}}